,Open,High,Low,Close,Adj Close,Volume,ret_1d,pv_S%26P_500,pv_Stock_market,d_pv_S%26P_500,d_pv_Stock_market,y,y_pred
2018-01-03,271.04998779296875,272.6300048828125,270.95001220703125,272.4200134277344,239.47801208496094,3768400,0.004331663887655379,812,3166,-0.11739130434782608,0.15463165572574766,1,
2018-01-04,273.2300109863281,274.1700134277344,273.1099853515625,273.6000061035156,240.51535034179688,3394700,0.006322889374685836,880,3235,0.08374384236453203,0.021794061907770113,1,
2018-01-05,274.54998779296875,275.55999755859375,273.9800109863281,275.3299865722656,242.03610229492188,4150500,0.0022158509118415104,879,2849,-0.001136363636363602,-0.11931993817619779,1,
2018-01-08,275.3699951171875,276.1099853515625,274.989990234375,275.94000244140625,242.57241821289062,2881800,0.0022832914371349045,740,3141,-0.1581342434584755,0.10249210249210239,1,
2018-01-09,276.44000244140625,277.25,276.1199951171875,276.57000732421875,243.12628173828125,3150200,-0.0015914244708201686,756,3152,0.021621621621621623,0.003502069404648145,0,
2018-01-10,275.7200012207031,276.44000244140625,274.94000244140625,276.1300048828125,242.73936462402344,3939800,0.0070987436830403094,796,3157,0.05291005291005302,0.0015862944162436943,1,
2018-01-11,276.7799987792969,278.1300048828125,276.5899963378906,278.0899963378906,244.46250915527344,3142200,0.00654430923728988,870,3186,0.09296482412060292,0.009185936015204232,1,
2018-01-12,278.4800109863281,280.1499938964844,278.3399963378906,279.9100036621094,246.06234741210938,4499700,-0.003608595392442848,759,2876,-0.12758620689655176,-0.09730069052102952,0,
2018-01-16,281.3999938964844,282.1499938964844,278.20001220703125,278.8999938964844,245.17440795898438,6537800,0.009967668155155485,911,3095,0.2002635046113308,0.07614742698191934,1,
2018-01-17,280.04998779296875,282.1099853515625,279.239990234375,281.67999267578125,247.61822509765625,4703500,-0.0014909500349644667,902,3342,-0.009879253567508184,0.07980613893376409,0,
2018-01-18,281.57000732421875,282.010009765625,280.6400146484375,281.260009765625,247.24903869628906,3464000,0.004373442062322486,890,3445,-0.013303769401330379,0.030819868342309986,1,
2018-01-19,281.8900146484375,282.489990234375,281.2099914550781,282.489990234375,248.3303680419922,4276200,0.00792954459835804,773,3159,-0.13146067415730334,-0.08301886792452828,1,
2018-01-22,282.2099914550781,284.760009765625,282.19000244140625,284.7300109863281,250.2995147705078,4499700,0.002318145576201358,785,2798,0.015523932729624823,-0.1142766698322254,1,
2018-01-23,284.82000732421875,285.70001220703125,284.4800109863281,285.3900146484375,250.87974548339844,3531200,-0.0005260419343430245,884,3100,0.12611464968152863,0.10793423874195862,0,
2018-01-24,286.1300048828125,286.79998779296875,283.92999267578125,285.239990234375,250.74777221679688,5149700,0.00038574804877455904,909,3170,0.02828054298642524,0.022580645161290214,1,
2018-01-25,286.2200012207031,286.3500061035156,284.5,285.3500061035156,250.84449768066406,4014600,0.011599793057448515,812,2785,-0.10671067106710674,-0.1214511041009464,1,
2018-01-26,286.3500061035156,288.69000244140625,286.05999755859375,288.6600036621094,253.75424194335938,3379600,-0.006616521261106012,724,2371,-0.10837438423645318,-0.14865350089766605,0,
2018-01-29,288.1099853515625,288.54998779296875,286.6199951171875,286.75,252.0752716064453,4896200,-0.01081107420972327,849,3005,0.17265193370165743,0.2673977224799662,0,
2018-01-30,284.6400146484375,285.3800048828125,283.29998779296875,283.6499938964844,249.35006713867188,7424400,0.001762639028734636,898,3227,0.05771495877502941,0.07387687188019965,1,
2018-01-31,284.79998779296875,285.3999938964844,282.760009765625,284.1499938964844,249.78958129882812,6991100,-0.0012666911420196048,873,3649,-0.027839643652561197,0.13077161450263408,0,
2018-02-01,283.1600036621094,285.1600036621094,282.7699890136719,283.7900085449219,249.47317504882812,4554900,-0.022058630143085955,822,3040,-0.05841924398625431,-0.16689503973691422,0,
2018-02-02,282.1000061035156,282.2900085449219,277.44000244140625,277.5299987792969,243.9701385498047,6854100,-0.04136501070403731,886,3077,0.07785888077858871,0.012171052631579027,0,
2018-02-05,275.45001220703125,277.8599853515625,265.1700134277344,266.04998779296875,233.87831115722656,14707500,0.019582841215129765,1345,4200,0.518058690744921,0.3649658758531036,1,
2018-02-06,261.8800048828125,271.6400146484375,260.57000732421875,271.260009765625,238.45831298828125,16088400,-0.006156350007333167,2242,7011,0.666914498141264,0.6692857142857143,0,
2018-02-07,270.4599914550781,274.3599853515625,269.5899963378906,269.5899963378906,236.9902801513672,9319000,-0.036982125559230195,1370,4626,-0.3889384478144514,-0.34017971758664955,0,
2018-02-08,269.94000244140625,270.1199951171875,259.4599914550781,259.6199951171875,228.2258758544922,9555900,0.015599707722351752,1310,4466,-0.04379562043795615,-0.034587116299178544,1,
2018-02-09,262.7699890136719,265.5400085449219,254.77000427246094,263.6700134277344,231.7861328125,15080700,0.013311752946083555,1435,4039,0.09541984732824438,-0.09561128526645768,1,
2018-02-12,265.6700134277344,268.92999267578125,263.82000732421875,267.17999267578125,234.87161254882812,6801400,0.0029196599444951676,950,3112,-0.33797909407665505,-0.2295122555087893,1,
2018-02-13,265.8999938964844,268.55999755859375,265.239990234375,267.9599914550781,235.55735778808594,4210500,0.01377063507810572,967,2573,0.017894736842105186,-0.17320051413881743,1,
2018-02-14,266.3599853515625,271.9800109863281,266.2200012207031,271.6499938964844,238.80113220214844,6380400,0.01240569451729634,793,2529,-0.1799379524301965,-0.017100660707345505,1,
2018-02-15,273.5199890136719,275.0299987792969,270.7799987792969,275.0199890136719,241.7636260986328,5461700,0.00025473010001575425,862,2683,0.08701134930643128,0.060893633847370454,1,
2018-02-16,274.3599853515625,277.3599853515625,274.2300109863281,275.0899963378906,241.82521057128906,4740000,-0.006107170018759822,681,2443,-0.2099767981438515,-0.08945210585165864,0,
2018-02-20,274.0400085449219,275.69000244140625,272.5199890136719,273.4100036621094,240.3483428955078,5578500,-0.005157296757527852,757,2795,0.11160058737151246,0.14408514121981164,0,
2018-02-21,273.8999938964844,276.7300109863281,271.9800109863281,272.0,239.10879516601562,8167000,0.0013604136351761387,804,2782,0.06208718626155885,-0.0046511627906976605,1,
2018-02-22,273.1300048828125,275.07000732421875,271.6300048828125,272.3699951171875,239.43408203125,5544500,0.01597082302630093,848,2970,0.054726368159204064,0.06757728253055362,1,
2018-02-23,273.8500061035156,276.739990234375,273.2900085449219,276.7200012207031,243.25804138183594,6619800,0.011708702692025508,773,2684,-0.08844339622641506,-0.09629629629629632,1,
2018-02-26,277.9599914550781,280.05999755859375,277.3299865722656,279.9599914550781,246.1062774658203,3803500,-0.012430232811189379,862,2587,0.1151358344113842,-0.036140089418778,0,
2018-02-27,280.20001220703125,281.0299987792969,276.4100036621094,276.4800109863281,243.047119140625,6107300,-0.011356992971519486,854,2550,-0.009280742459396807,-0.014302280633938902,0,
2018-02-28,277.739990234375,278.2300109863281,273.3299865722656,273.3399963378906,240.28683471679688,4951800,-0.013316832871480444,776,2252,-0.09133489461358313,-0.11686274509803918,0,
2018-03-01,273.4599914550781,275.1700134277344,267.95001220703125,269.70001220703125,237.08697509765625,7706000,0.0055615581476111675,734,2186,-0.054123711340206215,-0.02930728241563052,1,
2018-03-02,267.69000244140625,271.7099914550781,266.7699890136719,271.20001220703125,238.40554809570312,5459300,0.011062236617604526,744,2100,0.013623978201634968,-0.03934126258005488,1,
2018-03-05,269.7099914550781,274.9100036621094,269.5899963378906,274.20001220703125,241.0428466796875,4124400,0.0027350790505327183,738,2335,-0.008064516129032251,0.11190476190476195,1,
2018-03-06,275.2900085449219,275.4200134277344,273.19000244140625,274.95001220703125,241.70211791992188,4385200,-0.00036388452411240113,790,2345,0.07046070460704601,0.004282655246252709,0,
2018-03-07,272.42999267578125,275.19000244140625,272.2300109863281,274.8500061035156,241.61416625976562,4153800,0.004657004933428022,812,2532,0.02784810126582271,0.07974413646055445,1,
2018-03-08,275.57000732421875,276.260009765625,274.45001220703125,276.1300048828125,242.73936462402344,3448800,0.016984672086985286,705,2446,-0.13177339901477836,-0.033965244865718835,1,
2018-03-09,277.7699890136719,280.9200134277344,277.3900146484375,280.82000732421875,246.86221313476562,5534500,-0.0008185624725173257,786,2283,0.11489361702127665,-0.06663941128372852,0,
2018-03-12,281.32000732421875,282.0,280.1600036621094,280.5899963378906,246.66014099121094,3277300,-0.00648668283852416,821,2416,0.04452926208651409,0.05825667980727123,0,
2018-03-13,281.92999267578125,282.5,278.1099853515625,278.7699890136719,245.0601348876953,5284300,-0.005129493225546011,773,2328,-0.05846528623629721,-0.03642384105960261,0,
2018-03-14,279.8999938964844,280.1000061035156,276.739990234375,277.3399963378906,243.8031005859375,4153300,-0.001045633087743858,685,2291,-0.11384217335058211,-0.01589347079037806,0,
2018-03-15,277.9599914550781,278.6600036621094,276.4700012207031,277.04998779296875,243.5481719970703,3443500,0.0009021893315734886,857,2782,0.2510948905109489,0.21431689218681793,1,
2018-03-16,277.6600036621094,278.5299987792969,277.29998779296875,277.29998779296875,243.7678985595703,9106600,-0.013414980483016148,627,2244,-0.2683780630105017,-0.19338605319913726,0,
2018-03-19,276.489990234375,276.5,271.7200012207031,273.5799865722656,240.4977569580078,4573300,0.0017543647047022493,743,2025,0.18500797448165862,-0.09759358288770048,1,
2018-03-20,274.010009765625,274.760009765625,273.29998779296875,274.05999755859375,240.919677734375,5915200,-0.001824254894827404,712,2234,-0.04172274562584122,0.1032098765432099,0,
2018-03-21,273.9800109863281,276.3999938964844,273.29998779296875,273.55999755859375,240.4801788330078,4234400,-0.025193544029422643,743,2292,0.0435393258426966,0.025962399283795845,0,
2018-03-22,269.6700134277344,270.7300109863281,265.2099914550781,265.4700012207031,234.421630859375,4727500,-0.021245382429120885,883,2674,0.1884253028263796,0.16666666666666674,0,
2018-03-23,266.0,266.3500061035156,259.6099853515625,259.8299865722656,229.44125366210938,5833600,0.027594954252479598,759,2320,-0.14043035107587765,-0.13238593866866122,1,
2018-03-26,264.07000732421875,267.239990234375,261.19000244140625,267.0,235.77267456054688,6544700,-0.01752802525667574,781,2167,0.02898550724637672,-0.06594827586206897,0,
2018-03-27,267.9800109863281,268.5899963378906,260.6099853515625,262.32000732421875,231.64004516601562,5711000,-0.002668574871274587,777,2202,-0.005121638924455829,0.01615136132902628,0,
2018-03-28,262.5199890136719,264.44000244140625,260.3599853515625,261.6199951171875,231.0218963623047,5095300,0.014333976365385137,743,1970,-0.04375804375804371,-0.10535876475930972,1,
2018-03-29,262.8599853515625,267.04998779296875,262.07000732421875,265.3699951171875,234.33335876464844,5552000,-0.023212978399612783,787,1973,0.05921938088829082,0.001522842639593902,0,
2018-04-02,264.3699951171875,264.92999267578125,256.42999267578125,259.2099914550781,228.89378356933594,6102600,0.01300072136234487,746,2109,-0.05209656925031769,0.06893056259503294,1,
2018-04-03,260.6300048828125,263.0400085449219,258.6000061035156,262.5799865722656,231.86956787109375,6600400,0.011615838161639802,759,2332,0.01742627345844494,0.10573731626363214,1,
2018-04-04,258.5199890136719,266.1700134277344,258.3500061035156,265.6300048828125,234.56292724609375,3770100,0.006964662969457525,839,2347,0.1054018445322793,0.0064322469982847075,1,
2018-04-05,267.3500061035156,268.4200134277344,266.1400146484375,267.4800109863281,236.1965789794922,3066000,-0.02209513702067767,740,2188,-0.11799761620977356,-0.06774605879846618,0,
2018-04-06,265.20001220703125,266.94000244140625,259.760009765625,261.57000732421875,230.977783203125,5700200,0.004320039954126775,697,2283,-0.05810810810810807,0.04341864716636201,1,
2018-04-09,263.2300109863281,266.6400146484375,262.30999755859375,262.70001220703125,231.97561645507812,3360400,0.016254291821073963,753,1918,0.08034433285509324,-0.15987735435830053,1,
2018-04-10,266.1099853515625,267.8599853515625,264.7900085449219,266.9700012207031,235.7462158203125,4183900,-0.005431568847466872,729,2036,-0.031872509960159334,0.0615224191866528,0,
2018-04-11,265.2699890136719,267.42999267578125,265.17999267578125,265.5199890136719,234.4657440185547,2997600,0.00854935917714661,725,2067,-0.005486968449931462,0.015225933202357655,1,
2018-04-12,267.0899963378906,268.82000732421875,266.8699951171875,267.7900085449219,236.47027587890625,2994000,-0.003061949565976496,767,1953,0.0579310344827586,-0.055152394775036306,0,
2018-04-13,269.29998779296875,269.3599853515625,265.79998779296875,266.9700012207031,235.7462158203125,4026400,0.008315671904943533,615,1786,-0.19817470664928294,-0.08550947260624675,1,
2018-04-16,268.79998779296875,270.0299987792969,267.8999938964844,269.19000244140625,237.70660400390625,3311600,0.010698765080233263,721,2445,0.17235772357723578,0.36898096304591266,1,
2018-04-17,271.17999267578125,272.7300109863281,270.5799865722656,272.07000732421875,240.24977111816406,2794900,0.00044077459720726075,721,1981,0.0,-0.18977505112474435,1,
2018-04-18,272.5400085449219,273.1400146484375,271.760009765625,272.19000244140625,240.3556671142578,2766900,-0.005400665022468054,719,2129,-0.00277392510402219,0.07470974255426555,0,
2018-04-19,271.4800109863281,271.7099914550781,269.54998779296875,270.7200012207031,239.05758666992188,2675400,-0.008421843841510679,673,1799,-0.06397774687065372,-0.15500234852043215,0,
2018-04-20,270.6499938964844,270.8900146484375,267.45001220703125,268.44000244140625,237.04428100585938,2883800,0.0,606,1710,-0.09955423476968794,-0.0494719288493608,0,
2018-04-23,269.1600036621094,269.7200012207031,267.19000244140625,268.44000244140625,237.04428100585938,2999700,-0.013224452707684464,601,2505,-0.008250825082508295,0.4649122807017543,0,
2018-04-24,269.54998779296875,269.79998779296875,263.04998779296875,264.8900146484375,233.9095001220703,4818200,0.002000653250567419,706,1781,0.1747088186356074,-0.2890219560878243,1,
2018-04-25,264.70001220703125,265.9200134277344,262.6700134277344,265.4200134277344,234.37747192382812,3592500,0.010285568602727002,820,1914,0.16147308781869696,0.07467714766984845,1,
2018-04-26,266.6000061035156,269.05999755859375,266.1000061035156,268.1499938964844,236.78817749023438,2564300,0.0008951453620438254,720,1925,-0.12195121951219512,0.005747126436781658,1,
2018-04-27,268.7900085449219,269.17999267578125,267.29998779296875,268.3900146484375,237.00013732910156,3579900,-0.007750237074444999,582,1689,-0.19166666666666665,-0.1225974025974026,0,
2018-04-30,269.07000732421875,269.70001220703125,266.20001220703125,266.30999755859375,235.163330078125,3839400,0.0019528715393744012,560,1776,-0.037800687285223344,0.051509769094138624,1,
2018-05-01,265.7799987792969,266.9200134277344,263.8999938964844,266.8299865722656,235.62257385253906,2973500,-0.006970707550777444,632,1695,0.12857142857142856,-0.045608108108108114,0,
2018-05-02,266.5799865722656,267.4800109863281,264.5299987792969,264.9700012207031,233.98011779785156,3090300,-0.002151150365906185,606,1885,-0.04113924050632911,0.11209439528023601,0,
2018-05-03,264.0,265.1499938964844,260.80999755859375,264.3999938964844,233.47679138183594,3409200,0.012934922801478344,598,1933,-0.01320132013201325,0.025464190981432377,1,
2018-05-04,263.30999755859375,268.6000061035156,262.94000244140625,267.82000732421875,236.49679565429688,2378500,0.003621704911796586,625,1829,0.045150501672240884,-0.0538023797206415,1,
2018-05-07,268.75,269.8399963378906,267.95001220703125,268.7900085449219,237.3533172607422,2185200,-0.00040886683008056757,627,2007,0.0032000000000000917,0.09732094040459272,0,
2018-05-08,268.3299865722656,269.1300048828125,266.9700012207031,268.67999267578125,237.2562713623047,3261000,0.010272286134510367,769,2093,0.22647527910685805,0.04285002491280521,1,
2018-05-09,269.510009765625,271.7200012207031,268.95001220703125,271.44000244140625,239.6934356689453,3335400,0.009062899444117978,614,2061,-0.20156046814044215,-0.015289058767319674,1,
2018-05-10,272.239990234375,274.2699890136719,272.07000732421875,273.8999938964844,241.86575317382812,3494500,0.0020808894679511525,618,2032,0.006514657980456029,-0.014070839398350299,1,
2018-05-11,274.0400085449219,275.0400085449219,273.4800109863281,274.4700012207031,242.36904907226562,2639000,0.0012750018918530337,621,1817,0.004854368932038833,-0.10580708661417326,1,
2018-05-14,275.2200012207031,275.94000244140625,274.2799987792969,274.82000732421875,242.67807006835938,1876000,-0.007313751442233674,758,2003,0.22061191626409027,0.10236653824986242,0,
2018-05-15,273.45001220703125,273.5,271.9100036621094,272.80999755859375,240.90318298339844,3820400,0.004728768631992564,625,1989,-0.1754617414248021,-0.006989515726410378,1,
2018-05-16,272.9800109863281,274.6199951171875,272.9800109863281,274.1000061035156,242.0423583984375,2068500,-0.0008026483613415847,659,2096,0.054400000000000004,0.05379587732528912,0,
2018-05-17,273.82000732421875,275.1199951171875,272.9800109863281,273.8800048828125,241.84808349609375,2289900,-0.002446409900568769,606,2087,-0.08042488619119881,-0.00429389312977102,0,
2018-05-18,273.489990234375,273.9200134277344,272.80999755859375,273.2099914550781,241.2564239501953,2262600,0.007320418638160353,663,1802,0.09405940594059414,-0.13655965500718736,1,
2018-05-21,274.8599853515625,275.8699951171875,274.4599914550781,275.2099914550781,243.02252197265625,1796300,-0.002688939671460333,730,2168,0.10105580693815996,0.20310765815760257,0,
2018-05-22,275.8599853515625,276.1700134277344,274.1300048828125,274.4700012207031,242.36904907226562,1919200,0.0028416828161450525,652,2068,-0.10684931506849316,-0.04612546125461259,1,
2018-05-23,273.04998779296875,275.29998779296875,272.9200134277344,275.25,243.0577850341797,2278200,-0.0018163686626340159,712,2043,0.09202453987730053,-0.012088974854932322,0,
2018-05-24,274.8299865722656,275.1199951171875,272.6700134277344,274.75,242.61630249023438,3192400,-0.002802623530339665,544,2070,-0.2359550561797753,0.013215859030837107,0,
2018-05-25,274.04998779296875,274.760009765625,273.4599914550781,273.9800109863281,241.93634033203125,3327200,-0.011132386534927208,481,1878,-0.1158088235294118,-0.09275362318840574,0,
2018-05-29,272.1600036621094,273.0299987792969,269.6199951171875,270.92999267578125,239.24301147460938,4176600,0.01336154086062713,596,2070,0.23908523908523915,0.10223642172523961,1,
2018-05-30,272.45001220703125,274.989990234375,272.29998779296875,274.54998779296875,242.43966674804688,3904700,-0.006628808739086334,652,2057,0.09395973154362425,-0.006280193236715026,0,
2018-05-31,274.0899963378906,274.3500061035156,272.1400146484375,272.7300109863281,240.83258056640625,4633600,0.01026654664033999,669,2087,0.0260736196319018,0.014584346135148252,1,
2018-06-01,274.32000732421875,275.8500061035156,274.2699890136719,275.5299987792969,243.3050994873047,3247400,0.004645523432913468,584,2005,-0.12705530642750373,-0.03929084810733108,1,
2018-06-04,276.3999938964844,277.1000061035156,276.19000244140625,276.80999755859375,244.4353790283203,3088500,0.0009030971794865561,670,1987,0.14726027397260277,-0.008977556109725726,1,
2018-06-05,276.92999267578125,277.45001220703125,276.1000061035156,277.05999755859375,244.6561279296875,1810300,0.008590236715176003,702,2041,0.047761194029850795,0.027176648213387056,1,
2018-06-06,277.7300109863281,279.4700012207031,277.010009765625,279.44000244140625,246.75778198242188,4836800,-0.0006441572151729691,710,2135,0.01139601139601143,0.046055854973052535,0,
2018-06-07,279.8999938964844,280.239990234375,278.2699890136719,279.260009765625,246.5988311767578,3081200,0.002793064655681521,663,2118,-0.06619718309859157,-0.007962529274004648,1,
2018-06-08,278.7799987792969,280.17999267578125,278.6000061035156,280.0400085449219,247.28759765625,4139000,0.0016783658640129318,714,2273,0.07692307692307687,0.07318224740321067,1,
2018-06-11,280.3399963378906,281.3299865722656,280.25,280.510009765625,247.70263671875,2486100,0.0013546728235049876,688,2195,-0.036414565826330514,-0.03431588209414871,1,
2018-06-12,281.0299987792969,281.2900085449219,280.1499938964844,280.8900146484375,248.03819274902344,3515500,-0.0034530613183987313,702,2142,0.02034883720930236,-0.02414578587699312,0,
2018-06-13,281.1300048828125,281.44000244140625,279.760009765625,279.9200134277344,247.18170166015625,3091200,0.0028219120579284773,674,1978,-0.03988603988603989,-0.07656395891690004,1,
2018-06-14,280.9100036621094,281.2799987792969,280.0299987792969,280.7099914550781,247.8792266845703,3629100,-0.0014251142796869454,607,1927,-0.09940652818991103,-0.025783619817997927,0,
2018-06-15,279.8399963378906,280.70001220703125,278.54998779296875,280.30999755859375,247.52597045898438,5039000,-0.0021759524276560027,627,1862,0.03294892915980241,-0.03373118837571354,0,
2018-06-18,278.67999267578125,279.9100036621094,278.1400146484375,279.70001220703125,246.98736572265625,3112600,-0.003682622204440711,613,2206,-0.022328548644338087,0.1847475832438239,0,
2018-06-19,277.19000244140625,278.92999267578125,276.69000244140625,278.6700134277344,246.0778045654297,4216500,0.002081360058362014,824,2171,0.34420880913539964,-0.015865820489573856,1,
2018-06-20,279.4800109863281,279.9100036621094,278.7799987792969,279.25,246.58998107910156,2562900,-0.006911348959603436,897,2264,0.08859223300970864,0.04283740211883935,0,
2018-06-21,279.1499938964844,279.1499938964844,276.8399963378906,277.32000732421875,244.88571166992188,2569000,0.0020552277019569853,664,2203,-0.25975473801560756,-0.02694346289752647,1,
2018-06-22,278.8900146484375,278.9599914550781,277.6600036621094,277.8900146484375,245.38900756835938,2197900,-0.013638138085666163,563,1888,-0.15210843373493976,-0.14298683613254648,0,
2018-06-25,276.6000061035156,276.760009765625,272.2300109863281,274.1000061035156,242.0423583984375,5407400,0.00238588044952337,675,2124,0.19893428063943164,0.125,1,
2018-06-26,273.5,274.3999938964844,272.6400146484375,273.4700012207031,242.61984252929688,2690800,-0.008593089931318465,692,2038,0.0251851851851852,-0.04048964218455742,0,
2018-06-27,274.0799865722656,275.7099914550781,271.0299987792969,271.1199951171875,240.5349884033203,6335400,0.0062702280384536735,634,2080,-0.08381502890173409,0.02060843964671255,1,
2018-06-28,271.0799865722656,273.6099853515625,270.32000732421875,272.82000732421875,242.04319763183594,5285700,0.0008431182818542382,591,2997,-0.06782334384858046,0.4408653846153847,1,
2018-06-29,273.989990234375,275.5400085449219,273.04998779296875,273.04998779296875,242.2472686767578,7694400,0.002820120563744366,548,1956,-0.07275803722504226,-0.3473473473473474,1,
2018-07-02,271.3599853515625,273.94000244140625,271.1000061035156,273.82000732421875,242.93043518066406,4579700,-0.003980795052274444,605,2212,0.10401459854014594,0.13087934560327197,0,
2018-07-03,274.75,274.8599853515625,272.2900085449219,272.7300109863281,241.96337890625,1367800,0.008579701275979179,595,2087,-0.016528925619834656,-0.056509945750452095,1,
2018-07-05,274.04998779296875,275.07000732421875,272.8299865722656,275.07000732421875,244.0393524169922,2605600,0.007779852179932378,566,1988,-0.04873949579831938,-0.047436511739338716,1,
2018-07-06,275.0299987792969,277.739990234375,274.6199951171875,277.2099914550781,245.9379425048828,2942200,0.009379264116188724,587,1904,0.03710247349823326,-0.04225352112676062,1,
2018-07-09,278.45001220703125,279.8599853515625,278.4200134277344,279.80999755859375,248.24465942382812,4775400,0.0036451618732651347,633,2221,0.0783645655877343,0.16649159663865554,1,
2018-07-10,280.20001220703125,280.95001220703125,280.010009765625,280.8299865722656,249.14955139160156,3426800,-0.007442064420194017,644,2224,0.017377567140600236,0.0013507429085997114,0,
2018-07-11,279.07000732421875,279.9700012207031,278.45001220703125,278.739990234375,247.2953643798828,3781200,0.008610054983883675,616,2200,-0.04347826086956519,-0.010791366906474864,1,
2018-07-12,280.17999267578125,281.3599853515625,279.5400085449219,281.1400146484375,249.42459106445312,3444900,0.0010314878789010606,614,2166,-0.0032467532467532756,-0.015454545454545499,1,
2018-07-13,281.1199951171875,281.8900146484375,280.6000061035156,281.42999267578125,249.68186950683594,3122700,-0.00035537165182919495,573,2092,-0.0667752442996743,-0.03416435826408126,0,
2018-07-16,281.6000061035156,281.739990234375,280.79998779296875,281.3299865722656,249.5931396484375,2224100,0.00405237136413894,658,2094,0.14834205933682365,0.0009560229445506607,1,
2018-07-17,280.3999938964844,282.8699951171875,280.3599853515625,282.4700012207031,250.60458374023438,2322300,0.0021950091155289453,806,2237,0.2249240121580547,0.06829035339063982,1,
2018-07-18,282.54998779296875,283.1499938964844,282.010009765625,283.0899963378906,251.1546630859375,3603800,-0.0041329499154053595,685,2429,-0.15012406947890822,0.08582923558337052,0,
2018-07-19,282.2699890136719,282.69000244140625,281.4200134277344,281.9200134277344,250.1166534423828,3220900,-0.0010640176748580865,763,2174,0.11386861313868613,-0.10498147385755452,0,
2018-07-20,281.7099914550781,282.42999267578125,281.45001220703125,281.6199951171875,249.85052490234375,4868600,0.0018464409017988626,610,1881,-0.20052424639580602,-0.13477460901563942,1,
2018-07-23,281.3999938964844,282.3999938964844,280.9800109863281,282.1400146484375,250.31185913085938,1879900,0.004997611012337089,646,2113,0.05901639344262288,0.12333864965443908,1,
2018-07-24,283.7200012207031,284.5299987792969,282.6099853515625,283.54998779296875,251.5628204345703,2253000,0.009275087661536618,727,2178,0.12538699690402466,0.03076194983435876,1,
2018-07-25,283.3500061035156,286.3800048828125,283.2699890136719,286.17999267578125,253.89608764648438,3297300,-0.0034596937593776023,633,2327,-0.1292984869325997,0.06841138659320478,0,
2018-07-26,285.17999267578125,286.1099853515625,285.0799865722656,285.19000244140625,253.01768493652344,4088800,-0.006416807086964904,707,2312,0.11690363349131117,-0.00644606789858182,0,
2018-07-27,285.70001220703125,285.79998779296875,282.3599853515625,283.3599853515625,251.3941192626953,2798100,-0.005610983428895211,622,2174,-0.12022630834512027,-0.059688581314878864,0,
2018-07-30,283.4700012207031,283.6499938964844,281.30999755859375,281.7699890136719,249.98355102539062,4929600,0.005358995178027515,594,2328,-0.045016077170418,0.07083716651333938,1,
2018-07-31,282.8299865722656,283.989990234375,282.3500061035156,283.2799987792969,251.32321166992188,3589000,-0.0014118388767265788,708,2375,0.19191919191919182,0.020189003436426045,0,
2018-08-01,283.4599914550781,284.1000061035156,282.1099853515625,282.8800048828125,250.9683837890625,2679900,0.004772042668705678,642,2071,-0.09322033898305082,-0.128,1,
2018-08-02,281.3500061035156,284.55999755859375,281.1199951171875,284.2300109863281,252.166015625,2327600,0.004644028979389425,694,2191,0.0809968847352025,0.05794302269435048,1,
2018-08-03,284.5299987792969,285.6499938964844,284.32000732421875,285.54998779296875,253.3370819091797,2257900,0.0038523856874115303,665,2171,-0.0417867435158501,-0.009128251939753529,1,
2018-08-06,285.54998779296875,286.989990234375,285.20001220703125,286.6499938964844,254.3130340576172,2988500,0.00286050131583071,688,2350,0.03458646616541361,0.08245048364808838,1,
2018-08-07,287.42999267578125,288.0199890136719,287.25,287.4700012207031,255.04049682617188,5084500,-0.00034766566229915696,753,2669,0.09447674418604657,0.13574468085106384,0,
2018-08-08,287.4100036621094,287.94000244140625,286.9700012207031,287.3699951171875,254.9518280029297,3483800,-0.0009046281349943674,912,2336,0.2111553784860558,-0.12476582989883855,0,
2018-08-09,287.510009765625,287.989990234375,286.94000244140625,287.1099853515625,254.72119140625,2385500,-0.00710543946448805,631,2366,-0.3081140350877193,0.012842465753424737,0,
2018-08-10,285.42999267578125,286.0400085449219,284.3599853515625,285.07000732421875,252.91128540039062,3290500,-0.0033677039968038613,600,2082,-0.04912836767036455,-0.12003381234150468,0,
2018-08-13,285.4700012207031,286.1700134277344,283.7699890136719,284.1099853515625,252.05955505371094,3349700,0.006405905935446876,707,2349,0.17833333333333323,0.1282420749279538,1,
2018-08-14,284.92999267578125,286.1600036621094,284.5,285.92999267578125,253.67422485351562,3217200,-0.007973752937931122,586,2025,-0.17114568599717117,-0.13793103448275867,0,
2018-08-15,284.3699951171875,284.4700012207031,282.1499938964844,283.6499938964844,251.6514892578125,3848900,0.008637339081817519,577,1930,-0.015358361774744034,-0.04691358024691361,1,
2018-08-16,285.3699951171875,287.07000732421875,285.3699951171875,286.1000061035156,253.82508850097656,3367800,0.0032854251909009147,613,2103,0.06239168110918536,0.08963730569948192,1,
2018-08-17,285.8699951171875,287.5899963378906,285.3999938964844,287.0400085449219,254.6590118408203,2975900,0.0024387433578081374,580,2095,-0.0538336052202284,-0.003804089396100774,1,
2018-08-20,287.6000061035156,288.010009765625,287.07000732421875,287.739990234375,255.28005981445312,1853200,0.0017025667730263816,637,2265,0.09827586206896544,0.0811455847255369,1,
2018-08-21,288.30999755859375,289.3599853515625,288.1300048828125,288.2300109863281,255.71469116210938,2667500,-3.466893671622007e-05,720,2110,0.1302982731554161,-0.06843267108167772,0,
2018-08-22,287.9100036621094,288.7900085449219,287.6000061035156,288.2200012207031,255.70582580566406,2124500,-0.0016996722209899895,719,2178,-0.001388888888888884,0.03222748815165888,0,
2018-08-23,287.9700012207031,288.9700012207031,287.4700012207031,287.7300109863281,255.27120971679688,3325300,0.006221123534575712,644,2242,-0.1043115438108484,0.029384756657483857,1,
2018-08-24,288.4800109863281,289.7200012207031,288.4200134277344,289.5199890136719,256.8592834472656,2451900,0.0079095709574879,622,2070,-0.03416149068322982,-0.07671721677074039,1,
2018-08-27,290.8999938964844,291.9700012207031,290.7300109863281,291.80999755859375,258.89093017578125,3759500,0.0002738308906233833,720,2419,0.157556270096463,0.16859903381642516,1,
2018-08-28,292.3900146484375,292.489990234375,291.4700012207031,291.8900146484375,258.9618225097656,3556400,0.005653301492953844,700,2848,-0.02777777777777779,0.17734601074824297,1,
2018-08-29,292.25,293.8299865722656,291.9599914550781,293.5400085449219,260.4258117675781,2806000,-0.004258678572186092,725,2398,0.03571428571428581,-0.1580056179775281,0,
2018-08-30,293.0,293.4599914550781,291.70001220703125,292.2900085449219,259.3167419433594,4669400,0.0005132223905242039,693,2397,-0.044137931034482714,-0.0004170141784820558,1,
2018-08-31,291.92999267578125,292.8999938964844,291.3699951171875,292.44000244140625,259.4498291015625,4983200,-0.001675556703567782,533,2361,-0.2308802308802309,-0.015018773466833557,0,
2018-09-04,291.94000244140625,292.2900085449219,290.760009765625,291.95001220703125,259.0151062011719,3480500,-0.002705891210354361,661,2347,0.2401500938086305,-0.005929690808979204,0,
2018-09-05,291.5,291.70001220703125,289.95001220703125,291.1600036621094,258.3142395019531,7530000,-0.00291938947887993,686,2420,0.03782148260211793,0.03110353642948449,0,
2018-09-06,291.19000244140625,291.57000732421875,289.04998779296875,290.30999755859375,257.56011962890625,3838800,-0.0024456943527814134,670,2391,-0.023323615160349864,-0.011983471074380136,0,
2018-09-07,289.0,290.7699890136719,288.7699890136719,289.6000061035156,256.9302062988281,5450700,0.0022445421351406925,573,2177,-0.14477611940298507,-0.08950230029276451,1,
2018-09-10,290.82000732421875,291.1099853515625,289.94000244140625,290.25,257.50689697265625,2767500,0.0033421482330024954,631,2524,0.10122164048865612,0.15939366100137797,1,
2018-09-11,289.3999938964844,291.6199951171875,289.0299987792969,291.2200012207031,258.3675231933594,3015600,6.838970129052768e-05,619,2476,-0.019017432646592725,-0.019017432646592725,1,
2018-09-12,291.1300048828125,291.8599853515625,290.29998779296875,291.239990234375,258.38519287109375,2634400,0.005768672477779679,631,2443,0.01938610662358653,-0.013327948303715642,1,
2018-09-13,292.3900146484375,293.1199951171875,292.0899963378906,292.9200134277344,259.875732421875,1818000,-3.41725452839281e-05,628,2217,-0.004754358161648153,-0.09250920998772005,0,
2018-09-14,293.1600036621094,293.3599853515625,292.1000061035156,292.9100036621094,259.8668518066406,2616900,-0.0050187209706931135,582,2253,-0.07324840764331209,0.016238159675236785,0,
2018-09-17,292.9100036621094,292.94000244140625,291.1199951171875,291.44000244140625,258.5626525878906,2466900,0.005592746767484336,653,2313,0.12199312714776633,0.026631158455392878,1,
2018-09-18,291.6600036621094,293.69000244140625,291.6600036621094,293.07000732421875,260.00872802734375,2520100,0.0007169042693362382,623,2646,-0.04594180704441042,0.14396887159533067,1,
2018-09-19,293.0299987792969,293.79998779296875,292.95001220703125,293.2799987792969,260.19512939453125,2354100,0.008455943497558183,624,2531,0.0016051364365972098,-0.04346182917611485,1,
2018-09-20,294.739990234375,296.07000732421875,294.6300048828125,295.760009765625,262.39532470703125,3987700,-0.001352613404945524,712,2726,0.14102564102564097,0.07704464638482822,0,
2018-09-21,296.57000732421875,296.69000244140625,295.260009765625,295.3599853515625,262.0404052734375,3918800,-0.0030128550032958445,741,2531,0.04073033707865159,-0.07153338224504768,0,
2018-09-24,294.7900085449219,294.94000244140625,293.79998779296875,294.4700012207031,261.25091552734375,3412700,-0.001052838154023017,607,2829,-0.18083670715249667,0.11774002370604508,0,
2018-09-25,294.9700012207031,295.07000732421875,293.9200134277344,294.1600036621094,260.9758605957031,3341900,-0.0029469142646857405,745,3014,0.22734761120263602,0.06539413220219159,0,
2018-09-26,293.0400085449219,294.4100036621094,291.5799865722656,292.0199890136719,260.206787109375,4082400,0.0027394734693992895,607,3085,-0.18523489932885906,0.02355673523556745,1,
2018-09-27,292.57000732421875,294.07000732421875,291.92999267578125,292.82000732421875,260.91961669921875,2628200,-0.0003071411845918526,645,3231,0.06260296540362442,0.04732576985413295,0,
2018-09-28,292.1499938964844,293.44000244140625,292.1000061035156,292.7300109863281,260.8394775390625,5172100,0.003894380233592676,550,2693,-0.1472868217054264,-0.16651191581553704,1,
2018-10-01,294.29998779296875,295.1000061035156,293.1600036621094,293.8699951171875,261.85528564453125,3455400,-0.0004082525044654117,616,2423,0.1200000000000001,-0.10025993316004456,0,
2018-10-02,293.7300109863281,294.5299987792969,293.32000732421875,293.75,261.7483825683594,2927500,0.0006807764652578818,639,2864,0.03733766233766245,0.1820057779612052,1,
2018-10-03,294.9200134277344,295.3999938964844,293.510009765625,293.95001220703125,261.92657470703125,3473900,-0.007518400150999471,660,2834,0.032863849765258246,-0.010474860335195513,0,
2018-10-04,293.3900146484375,293.4200134277344,289.82000732421875,291.739990234375,259.9573059082031,3837300,-0.006203951243214489,592,2703,-0.10303030303030303,-0.04622441778405084,0,
2018-10-05,291.8699951171875,292.44000244140625,288.3599853515625,289.92999267578125,258.34454345703125,4367900,3.437508342751805e-05,599,2801,0.011824324324324342,0.036256011838697644,1,
2018-10-08,289.1700134277344,290.3599853515625,287.6000061035156,289.94000244140625,258.3534240722656,5377400,-0.0012072208818501018,751,2881,0.25375626043405686,0.028561228132809813,0,
2018-10-09,289.54998779296875,291.010009765625,288.92999267578125,289.5899963378906,258.0415344238281,5886800,-0.03225259756809318,655,2510,-0.12782956058588546,-0.12877473099618186,0,
2018-10-10,288.94000244140625,288.989990234375,279.94000244140625,280.25,249.71902465820312,8209500,-0.021123899871351992,817,3008,0.24732824427480926,0.19840637450199194,0,
2018-10-11,279.2300109863281,280.9700012207031,272.3999938964844,274.3299865722656,244.44398498535156,10570100,0.013487303682218288,911,4089,0.11505507955936345,0.359375,1,
2018-10-12,278.8299865722656,279.1400146484375,274.3900146484375,278.0299987792969,247.74087524414062,7286400,-0.005394942801608238,747,3260,-0.18002195389681663,-0.20273905600391295,0,
2018-10-15,277.5899963378906,279.0899963378906,276.3699951171875,276.5299987792969,246.40432739257812,3517500,0.022023049531859407,685,2971,-0.08299866131191436,-0.0886503067484663,1,
2018-10-16,278.6499938964844,282.9599914550781,278.1300048828125,282.6199951171875,251.83090209960938,5113200,-0.00021231229539042662,688,2586,0.004379562043795637,-0.12958599798047798,0,
2018-10-17,282.54998779296875,283.2300109863281,279.6300048828125,282.55999755859375,251.77743530273438,5944900,-0.014333153581052138,694,2680,0.008720930232558155,0.036349574632637216,0,
2018-10-18,281.4700012207031,282.1300048828125,277.0199890136719,278.510009765625,248.16867065429688,4418500,-0.0008622119724431832,633,2370,-0.08789625360230546,-0.11567164179104472,0,
2018-10-19,279.260009765625,281.3699951171875,277.5899963378906,278.2699890136719,247.95469665527344,3043300,-0.003772932596322276,543,2540,-0.14218009478672988,0.07172995780590719,0,
2018-10-22,279.05999755859375,279.4100036621094,276.44000244140625,277.2200012207031,247.01918029785156,3852700,-0.005951886411274976,640,2996,0.17863720073664835,0.1795275590551182,0,
2018-10-23,272.9599914550781,276.8900146484375,270.6099853515625,275.57000732421875,245.5489501953125,5541400,-0.030591284177223677,704,3027,0.10000000000000009,0.010347129506008024,0,
2018-10-24,275.3900146484375,275.7900085449219,266.6400146484375,267.1400146484375,238.03729248046875,5209200,0.018267550050602432,928,2919,0.3181818181818181,-0.03567888999008917,1,
2018-10-25,269.3699951171875,273.8299865722656,268.20001220703125,272.0199890136719,242.38565063476562,4590500,-0.01808657558779092,853,4311,-0.08081896551724133,0.4768756423432683,0,
2018-10-26,267.8699951171875,270.7300109863281,264.239990234375,267.1000061035156,238.00172424316406,7153700,-0.00557871391266429,679,2820,-0.20398593200468929,-0.3458594293667363,0,
2018-10-29,270.8399963378906,272.25,261.8500061035156,265.6099853515625,236.67398071289062,6301500,0.01600086031122072,773,3476,0.1384388807069219,0.2326241134751772,1,
2018-10-30,265.6400146484375,270.1199951171875,265.0799865722656,269.8599853515625,240.46096801757812,9531100,0.010746405987746677,726,2932,-0.060802069857697316,-0.15650172612197932,1,
2018-10-31,272.7900085449219,275.239990234375,272.17999267578125,272.760009765625,243.04505920410156,7040700,0.009752011542295325,779,3034,0.07300275482093666,0.0347885402455661,1,
2018-11-01,273.6600036621094,275.760009765625,272.4100036621094,275.4200134277344,245.4152374267578,3428700,-0.005554998394942223,624,2621,-0.19897304236200253,-0.13612392880685564,0,
2018-11-02,276.75,277.25,271.6099853515625,273.8900146484375,244.0519561767578,3391900,0.006133915261348877,633,2586,0.014423076923076872,-0.013353681800839401,1,
2018-11-05,274.5799865722656,276.0400085449219,273.3900146484375,275.57000732421875,245.5489501953125,5606200,0.005769841668336273,635,2118,0.003159557661927437,-0.18097447795823662,1,
2018-11-06,275.3999938964844,277.3399963378906,275.30999755859375,277.1600036621094,246.96572875976562,2430900,0.021539873659465192,742,2921,0.16850393700787403,0.3791312559017941,1,
2018-11-07,279.6300048828125,283.2300109863281,279.17999267578125,283.1300048828125,252.28533935546875,7669100,-0.0021543178410831088,586,2002,-0.21024258760107817,-0.3146182814104759,0,
2018-11-08,282.29998779296875,283.3299865722656,281.3500061035156,282.5199890136719,251.74183654785156,7660600,-0.0090617416385943,570,2131,-0.027303754266211566,0.06443556443556453,0,
2018-11-09,281.1499938964844,281.3399963378906,278.25,279.9599914550781,249.4606170654297,5327400,-0.019466804936994486,659,2201,0.15614035087719302,0.032848427968090066,0,
2018-11-12,279.25,279.510009765625,274.010009765625,274.510009765625,244.6044158935547,3786800,-0.0014572940966208758,757,2500,0.14871016691957517,0.1358473421172195,0,
2018-11-13,275.1099853515625,277.3699951171875,273.260009765625,274.1099853515625,244.24795532226562,5396800,-0.006931515232615815,743,3127,-0.018494055482166427,0.2507999999999999,0,
2018-11-14,276.20001220703125,276.6499938964844,270.42999267578125,272.2099914550781,242.55494689941406,4614900,0.010102741675762639,677,2444,-0.08882907133243612,-0.2184202110649185,1,
2018-11-15,270.80999755859375,275.57000732421875,268.9599914550781,274.9599914550781,245.0054168701172,6163900,0.0028365150319105137,770,2945,0.13737075332348603,0.2049918166939444,1,
2018-11-16,273.8299865722656,276.7300109863281,273.2900085449219,275.739990234375,245.70037841796875,3803900,-0.016718874788693716,767,2654,-0.003896103896103842,-0.09881154499151101,0,
2018-11-19,275.1099853515625,275.3699951171875,270.0799865722656,271.1300048828125,241.59254455566406,3555700,-0.018551369483842284,593,2276,-0.22685788787483707,-0.14242652599849281,0,
2018-11-20,267.30999755859375,268.9599914550781,265.0899963378906,266.1000061035156,237.1106719970703,6274100,0.003231680222095079,717,3304,0.2091062394603711,0.4516695957820738,1,
2018-11-21,267.79998779296875,269.0899963378906,266.9599914550781,266.9599914550781,237.87693786621094,4247100,-0.006180953940609912,773,2646,0.07810320781032076,-0.19915254237288138,0,
2018-11-23,265.1000061035156,266.760009765625,265.0199890136719,265.30999755859375,236.40663146972656,1660900,0.015680095939204053,517,2622,-0.33117723156532985,-0.009070294784580546,1,
2018-11-26,267.760009765625,269.5299987792969,267.30999755859375,269.4700012207031,240.11351013183594,3187200,0.0031545342394379006,767,2647,0.483558994197292,0.009534706331044918,1,
2018-11-27,268.45001220703125,270.3500061035156,267.6199951171875,270.32000732421875,240.87095642089844,4565100,0.023342300721303832,670,2755,-0.1264667535853976,0.04080090668681535,1,
2018-11-28,271.6099853515625,276.6300048828125,270.5199890136719,276.6300048828125,246.49343872070312,5484700,-0.0020240564153185536,654,2651,-0.023880597014925398,-0.037749546279491786,0,
2018-11-29,275.7799987792969,277.6300048828125,274.489990234375,276.07000732421875,245.99452209472656,4901300,0.006990976086153733,581,2503,-0.1116207951070336,-0.05582798943794798,1,
2018-11-30,275.8599853515625,278.3800048828125,275.5,278.0,247.71426391601562,7603600,0.012122246600110076,547,2295,-0.058519793459552494,-0.0831002796644027,1,
2018-12-03,282.42999267578125,282.5799865722656,279.5899963378906,281.3699951171875,250.7171173095703,5885800,-0.031417935259801966,641,2863,0.17184643510054842,0.2474945533769064,0,
2018-12-04,280.489990234375,280.92999267578125,271.94000244140625,272.5299987792969,242.84010314941406,6727800,-0.002605127350576053,648,3573,0.010920436817472678,0.24799161718477114,0,
2018-12-06,267.9200134277344,271.9700012207031,264.3599853515625,271.82000732421875,242.2074737548828,8536300,-0.022882752424211006,669,4615,0.03240740740740744,0.29163168205989365,0,
2018-12-07,271.45001220703125,273.2699890136719,264.5899963378906,265.6000061035156,236.66510009765625,6089100,0.0015059879753069882,716,3628,0.07025411061285491,-0.21386782231852652,1,
2018-12-10,265.3399963378906,267.1199951171875,260.510009765625,266.0,237.02151489257812,8522700,0.00018772400862610006,773,3489,0.07960893854748607,-0.03831312017640576,1,
2018-12-11,269.6099853515625,269.82000732421875,264.4100036621094,266.04998779296875,237.06600952148438,4526500,0.005412851583363354,590,2729,-0.23673997412677883,-0.21782745772427625,1,
2018-12-12,269.4800109863281,270.94000244140625,267.3500061035156,267.489990234375,238.34921264648438,3879400,-0.0009347999744437896,625,2921,0.05932203389830515,0.07035544155368267,0,
2018-12-13,268.44000244140625,269.4599914550781,266.07000732421875,267.239990234375,238.12640380859375,5215800,-0.01811089839888269,609,2831,-0.025599999999999956,-0.030811365970558002,0,
2018-12-14,264.8999938964844,265.9700012207031,261.75,262.3999938964844,233.813720703125,6080500,-0.02034057341487583,546,2988,-0.10344827586206895,0.05545743553514648,0,
2018-12-17,259.9800109863281,261.1099853515625,253.94000244140625,255.64999389648438,229.0578155517578,9320600,-0.00011730980440172178,600,2553,0.098901098901099,-0.1455823293172691,0,
2018-12-18,257.6700134277344,258.3500061035156,253.7100067138672,255.6199951171875,229.03094482421875,10267600,-0.015178778198629561,630,2560,0.050000000000000044,0.0027418723070897766,0,
2018-12-19,255.58999633789062,259.8299865722656,249.72999572753906,251.74000549316406,225.55453491210938,13166500,-0.01712082214907895,551,2559,-0.1253968253968254,-0.0003906249999999778,0,
2018-12-20,250.22000122070312,251.94000244140625,244.97999572753906,247.42999267578125,221.69285583496094,13684400,-0.020531269377376593,675,2459,0.22504537205081676,-0.0390777647518562,0,
2018-12-21,248.5500030517578,251.41000366210938,241.72000122070312,242.35000610351562,217.14122009277344,14262700,-0.02583031301563743,582,2367,-0.13777777777777778,-0.0374135827572184,0,
2018-12-24,240.8000030517578,242.0,236.0399932861328,236.08999633789062,211.5323944091797,6419000,0.04904916956208649,597,2572,0.025773195876288568,0.0866075200675962,1,
2018-12-26,237.72999572753906,247.88999938964844,235.4600067138672,247.6699981689453,221.9078826904297,13154100,0.009649895774276995,756,3124,0.2663316582914572,0.21461897356143078,1,
2018-12-27,244.3300018310547,250.07000732421875,240.6699981689453,250.05999755859375,224.0492706298828,12693600,-0.0016336253727280425,901,3298,0.19179894179894186,0.05569782330345707,0,
2018-12-28,251.02999877929688,252.8800048828125,247.9499969482422,249.3300018310547,223.68325805664062,10856300,0.00914456659817331,762,2739,-0.15427302996670367,-0.1694966646452395,1,
2018-12-31,251.0399932861328,251.6300048828125,248.99000549316406,251.61000061035156,225.72874450683594,10117800,0.0004371556182742875,522,2042,-0.31496062992125984,-0.2544724351953268,1,
2019-01-02,247.5399932861328,252.6999969482422,247.4199981689453,251.72000122070312,225.82742309570312,5980000,-0.024988064048861114,746,2700,0.4291187739463602,0.3222331047992164,0,
2019-01-03,249.7899932861328,250.02999877929688,245.0800018310547,245.42999267578125,220.18443298339844,5831100,0.035162560905202644,828,3322,0.10991957104557648,0.23037037037037034,1,
2019-01-04,249.05999755859375,254.58999633789062,248.63999938964844,254.05999755859375,227.9266815185547,6430100,0.006730888896818277,801,3172,-0.03260869565217395,-0.045153521974714006,1,
2019-01-07,254.24000549316406,257.4599914550781,253.2100067138672,255.77000427246094,229.46083068847656,5961000,0.0098524765185668,675,2546,-0.1573033707865169,-0.1973518284993695,1,
2019-01-08,258.3800048828125,258.82000732421875,255.52000427246094,258.2900085449219,231.72158813476562,5348500,0.004646154847068651,725,3038,0.07407407407407418,0.1932443047918304,1,
2019-01-09,259.0899963378906,260.4800109863281,257.7200012207031,259.489990234375,232.79820251464844,4097000,0.003930676059371585,843,2719,0.1627586206896552,-0.10500329163923638,1,
2019-01-10,257.82000732421875,260.70001220703125,257.0799865722656,260.510009765625,233.7132568359375,4325600,-0.000537389682013667,697,2562,-0.17319098457888493,-0.05774181684442814,0,
2019-01-11,259.239990234375,260.5199890136719,258.57000732421875,260.3699951171875,233.58766174316406,5111600,-0.004839434242674967,632,2370,-0.09325681492109039,-0.07494145199063229,0,
2019-01-14,258.3999938964844,259.80999755859375,257.95001220703125,259.1099853515625,232.4572296142578,3709900,0.01080619498727775,756,2380,0.19620253164556956,0.00421940928270037,1,
2019-01-15,259.3699951171875,262.20001220703125,259.3699951171875,261.9100036621094,234.96920776367188,3781800,0.002634661524148818,615,2347,-0.1865079365079365,-0.013865546218487346,1,
2019-01-16,262.3599853515625,263.5199890136719,262.1600036621094,262.6000061035156,235.58827209472656,4387500,0.007349584148152788,664,2427,0.0796747967479674,0.03408606731998298,1,
2019-01-17,261.6199951171875,265.4599914550781,261.5199890136719,264.5299987792969,237.3197479248047,4446800,0.013382316850133025,781,2828,0.1762048192771084,0.1652245570663371,1,
2019-01-18,266.55999755859375,268.57000732421875,265.70001220703125,268.07000732421875,240.49563598632812,6994200,-0.01331719911818463,574,2413,-0.265044814340589,-0.14674681753889673,0,
2019-01-22,266.3699951171875,266.5899963378906,262.6400146484375,264.5,237.29290771484375,5992300,0.0014363495924565317,662,2572,0.1533101045296168,0.06589307915457931,1,
2019-01-23,265.6199951171875,266.3399963378906,262.260009765625,264.8800048828125,237.6337432861328,6762400,0.0009814066336129024,691,2717,0.04380664652567967,0.056376360808709114,1,
2019-01-24,264.7900085449219,265.7699890136719,263.6700134277344,265.1400146484375,237.86695861816406,3731700,0.008901234465738872,659,2445,-0.04630969609261937,-0.10011041589988956,1,
2019-01-25,267.19000244140625,268.2699890136719,266.7099914550781,267.5,239.98426818847656,3333900,-0.008037458204867676,609,2321,-0.07587253414264039,-0.05071574642126786,0,
2019-01-28,265.0,265.4100036621094,263.3500061035156,265.3500061035156,238.05540466308594,4425100,-0.0013943800088698222,628,2274,0.031198686371100237,-0.020249892287806937,0,
2019-01-29,265.4700012207031,266.0899963378906,264.0799865722656,264.9800109863281,237.7234649658203,4454100,0.016039082265125515,674,2384,0.0732484076433122,0.04837291116974485,1,
2019-01-30,266.6700134277344,270.1199951171875,265.8500061035156,269.2300109863281,241.5363311767578,5117200,0.008616918282996933,682,2390,0.011869436201780381,0.00251677852348986,1,
2019-01-31,269.1199951171875,272.0299987792969,268.9200134277344,271.54998779296875,243.6176300048828,6521800,0.0005528092210032032,688,2657,0.008797653958944274,0.11171548117154817,1,
2019-02-01,271.79998779296875,272.8399963378906,270.8299865722656,271.70001220703125,243.75230407714844,3901800,0.00717666493411917,616,2393,-0.10465116279069764,-0.09936018065487395,1,
2019-02-04,271.7699890136719,273.6700134277344,270.9800109863281,273.6499938964844,245.5016326904297,2960200,0.004275167278412706,531,2196,-0.137987012987013,-0.08232344337651487,1,
2019-02-05,274.1199951171875,275.0799865722656,273.5400085449219,274.82000732421875,246.5511932373047,4051300,-0.0014912137217160115,631,2444,0.18832391713747643,0.1129326047358834,0,
2019-02-06,274.44000244140625,274.9800109863281,273.57000732421875,274.4100036621094,246.18353271484375,3962600,-0.009402137761744145,671,2427,0.06339144215530901,-0.006955810147299513,0,
2019-02-07,272.5799865722656,273.17999267578125,269.92999267578125,271.8299865722656,243.86888122558594,6678000,0.0011034156706049014,646,2302,-0.037257824143069995,-0.051503914297486575,1,
2019-02-08,270.3500061035156,272.1499938964844,269.4700012207031,272.1300048828125,244.13796997070312,2909300,0.0005513184955885375,570,2024,-0.11764705882352944,-0.12076455256298868,1,
2019-02-11,272.8399963378906,273.1499938964844,271.70001220703125,272.2799987792969,244.27256774902344,2770300,0.013001223651192939,628,2485,0.10175438596491237,0.2277667984189724,1,
2019-02-12,274.05999755859375,276.20001220703125,274.0,275.82000732421875,247.4484100341797,4285400,0.0030456109687380106,706,2324,0.12420382165605104,-0.06478873239436622,1,
2019-02-13,276.7200012207031,277.6199951171875,276.25,276.6600036621094,248.20204162597656,2994400,-0.002277180324389838,829,2236,0.17422096317280444,-0.03786574870912218,0,
2019-02-14,275.44000244140625,277.30999755859375,274.5400085449219,276.0299987792969,247.6368408203125,7159700,0.011339179776017616,583,2050,-0.29674306393244876,-0.0831842576028623,1,
2019-02-15,278.010009765625,279.1600036621094,277.82000732421875,279.1600036621094,250.44483947753906,4844200,0.0013971721338368326,562,1774,-0.03602058319039447,-0.13463414634146342,1,
2019-02-19,278.2099914550781,280.29998779296875,278.17999267578125,279.54998779296875,250.7947540283203,4588400,0.001931238491404752,619,2137,0.10142348754448394,0.20462232243517464,1,
2019-02-20,279.54998779296875,280.6300048828125,278.989990234375,280.0899963378906,251.2790985107422,5534300,-0.0031415195216709657,629,2216,0.016155088852988664,0.03696771174543745,0,
2019-02-21,279.45001220703125,279.7900085449219,278.0400085449219,279.2099914550781,250.4897003173828,3118300,0.005766110121330437,622,3447,-0.011128775834658211,0.5555054151624548,1,
2019-02-22,279.8599853515625,281.0799865722656,279.5400085449219,280.82000732421875,251.93405151367188,4962900,0.0015670396559817057,636,2271,0.022508038585209,-0.34116623150565706,1,
2019-02-25,282.4599914550781,283.05999755859375,281.1499938964844,281.260009765625,252.32884216308594,4699300,-0.0007466457934005577,684,2253,0.07547169811320753,-0.00792602377807139,0,
2019-02-26,280.80999755859375,282.0199890136719,280.6600036621094,281.04998779296875,252.14044189453125,4881300,-0.0004979340698497703,713,2822,0.042397660818713545,0.2525521526853085,0,
2019-02-27,280.2799987792969,281.30999755859375,279.20001220703125,280.9100036621094,252.014892578125,3283800,-0.0021001392100580274,666,2599,-0.06591865357643756,-0.07902197023387669,0,
2019-02-28,280.6600036621094,281.17999267578125,280.05999755859375,280.32000732421875,251.48562622070312,4166100,0.0070988065185388916,637,2188,-0.043543543543543506,-0.1581377452866487,1,
2019-03-01,282.20001220703125,282.6199951171875,280.55999755859375,282.30999755859375,253.2708740234375,4204000,-0.004073595222660598,614,1989,-0.03610675039246469,-0.09095063985374774,0,
2019-03-04,283.3699951171875,283.57000732421875,278.54998779296875,281.1600036621094,252.23915100097656,4811800,-0.0012807650229920142,697,2179,0.1351791530944626,0.0955253896430368,0,
2019-03-05,281.2799987792969,281.489990234375,280.1400146484375,280.79998779296875,251.9160919189453,2502400,-0.006374483458778779,630,2276,-0.09612625538020081,0.04451583295089501,0,
2019-03-06,280.8699951171875,280.8800048828125,278.67999267578125,279.010009765625,250.3102569580078,3411700,-0.008064027961392828,643,2322,0.02063492063492056,0.020210896309314608,0,
2019-03-07,278.5299987792969,278.6600036621094,275.739990234375,276.760009765625,248.291748046875,4553800,-0.002023224120282885,636,2188,-0.010886469673405896,-0.05770887166236005,0,
2019-03-08,274.5799865722656,276.3299865722656,274.1000061035156,276.20001220703125,247.78939819335938,5315800,0.014517899547056956,530,2001,-0.16666666666666663,-0.0854661791590493,1,
2019-03-11,276.9599914550781,280.3500061035156,276.94000244140625,280.2099914550781,251.38677978515625,3843700,0.003533499841334331,857,2385,0.6169811320754717,0.1919040479760119,1,
2019-03-12,280.7900085449219,281.79998779296875,280.6199951171875,281.20001220703125,252.27505493164062,2089500,0.006934151119167176,690,2348,-0.19486581096849476,-0.015513626834381511,1,
2019-03-13,282.2300109863281,284.1300048828125,282.0400085449219,283.1499938964844,254.0243682861328,2804600,-0.0004944214353166387,712,2391,0.03188405797101446,0.01831345826235098,0,
2019-03-14,283.1400146484375,283.6000061035156,282.42999267578125,283.010009765625,253.89877319335938,2396400,0.004487932637439407,681,2349,-0.0435393258426966,-0.017565872020075313,1,
2019-03-15,283.55999755859375,285.2099914550781,283.3299865722656,284.2799987792969,255.0382537841797,3132400,0.003974886723476345,567,2020,-0.1674008810572687,-0.14005959982971472,1,
2019-03-18,284.57000732421875,285.6700134277344,284.3299865722656,285.4100036621094,256.052001953125,3786200,0.0004552870024381317,640,2232,0.12874779541446202,0.10495049504950504,1,
2019-03-19,286.510009765625,287.3999938964844,284.44000244140625,285.5400085449219,256.1685791015625,5845600,-0.003586076559196405,659,2262,0.02968750000000009,0.013440860215053752,0,
2019-03-20,284.05999755859375,285.3800048828125,282.19000244140625,283.3900146484375,255.24993896484375,4671800,0.011220906668196973,684,2020,0.03793626707132014,-0.10698496905393462,1,
2019-03-21,282.510009765625,287.07000732421875,282.489990234375,286.57000732421875,258.11407470703125,3615200,-0.018878189598767192,600,1940,-0.1228070175438597,-0.03960396039603964,0,
2019-03-22,285.1199951171875,285.7099914550781,281.07000732421875,281.1600036621094,253.24134826660156,6540600,-0.0008892276499306018,629,1969,0.04833333333333334,0.01494845360824737,0,
2019-03-25,280.7699890136719,282.0799865722656,279.5299987792969,280.9100036621094,253.0161590576172,4726400,0.007297396576592785,586,2229,-0.06836248012718604,0.13204672422549524,1,
2019-03-26,282.8699951171875,284.0899963378906,281.45001220703125,282.9599914550781,254.86251831054688,4222700,-0.004877004694459064,685,2290,0.16894197952218426,0.02736653207716455,0,
2019-03-27,283.0199890136719,283.6600036621094,279.8299865722656,281.5799865722656,253.6195526123047,3437000,0.003942432353454928,730,2368,0.06569343065693434,0.03406113537117905,1,
2019-03-28,282.25,283.1000061035156,280.9599914550781,282.69000244140625,254.6194305419922,2380700,0.006615133130565498,584,2320,-0.19999999999999996,-0.020270270270270285,1,
2019-03-29,284.30999755859375,284.739990234375,283.0299987792969,284.55999755859375,256.30377197265625,4331300,0.01156126489272813,604,2301,0.03424657534246567,-0.008189655172413768,1,
2019-04-01,286.6400146484375,288.0799865722656,286.3500061035156,287.8500061035156,259.2669677734375,4170400,0.000243300697061688,642,2553,0.0629139072847682,0.10951760104302477,1,
2019-04-02,287.9700012207031,288.1600036621094,287.0400085449219,287.9200134277344,259.3300476074219,7162300,0.0018060123607170908,690,2394,0.07476635514018692,-0.062279670975323165,1,
2019-04-03,289.25,289.70001220703125,287.67999267578125,288.44000244140625,259.79840087890625,3439000,0.002392320329883235,756,2282,0.09565217391304337,-0.04678362573099415,1,
2019-04-04,288.739990234375,289.3900146484375,287.95001220703125,289.1300048828125,260.419921875,3422400,0.004565685116435958,726,2473,-0.03968253968253965,0.08369851007887807,1,
2019-04-05,289.8599853515625,290.55999755859375,289.5400085449219,290.45001220703125,261.6089172363281,3928500,0.0011012084012402834,614,2169,-0.15426997245179064,-0.12292761827739584,1,
2019-04-08,290.0299987792969,290.8500061035156,289.30999755859375,290.7699890136719,261.8970031738281,2492300,-0.005158450267256143,666,2145,0.08469055374592838,-0.011065006915629283,0,
2019-04-09,289.7300109863281,290.0199890136719,288.6600036621094,289.2699890136719,260.5460205078125,3990400,0.0032839547356087184,640,2209,-0.03903903903903905,0.029836829836829892,1,
2019-04-10,289.7200012207031,290.3399963378906,289.2699890136719,290.2200012207031,261.4016418457031,2879200,-6.864660761418673e-05,641,2219,0.0015624999999999112,0.004526935264825616,0,
2019-04-11,290.7699890136719,290.7799987792969,289.5299987792969,290.20001220703125,261.3836975097656,2581400,0.006753865518835278,617,2100,-0.03744149765990634,-0.05362776025236593,1,
2019-04-12,291.9700012207031,292.44000244140625,291.2099914550781,292.1600036621094,263.1490478515625,2516100,-0.0008213044662170876,636,2017,0.030794165316045286,-0.03952380952380952,0,
2019-04-15,292.239990234375,292.30999755859375,291.0400085449219,291.9200134277344,262.93292236328125,3124800,0.0007535006092305174,817,2358,0.28459119496855356,0.1690629647992068,1,
2019-04-16,292.9200134277344,292.9800109863281,291.4599914550781,292.1400146484375,263.13104248046875,3759000,-0.0026357303719504177,636,2219,-0.22154222766217868,-0.05894826123833763,0,
2019-04-17,293.3800048828125,293.3900146484375,290.94000244140625,291.3699951171875,262.4375,4343000,0.002161740518575872,613,2163,-0.036163522012578664,-0.025236593059936863,1,
2019-04-18,292.0899963378906,292.2799987792969,290.6199951171875,292.0,263.00482177734375,4367500,0.0010277157187710273,573,1918,-0.06525285481239806,-0.11326860841423947,1,
2019-04-22,291.1300048828125,292.3999938964844,291.0400085449219,292.29998779296875,263.2751159667969,2879500,0.008689812065586278,558,2063,-0.02617801047120416,0.07559958289885294,1,
2019-04-23,292.6499938964844,295.1099853515625,292.3999938964844,294.8399963378906,265.56292724609375,4574500,-0.0021030879688567206,733,2010,0.31362007168458783,-0.02569074163839069,0,
2019-04-24,294.75,295.1400146484375,294.05999755859375,294.2200012207031,265.0044250488281,2568500,-0.0006113777995812031,678,2573,-0.07503410641200547,0.2800995024875621,0,
2019-04-25,294.1300048828125,294.760009765625,292.67999267578125,294.0400085449219,264.8424072265625,1839000,0.004863017834253469,640,2405,-0.05604719764011801,-0.0652934317916829,1,
2019-04-26,294.1099853515625,295.5,293.2099914550781,295.4700012207031,266.1303405761719,2160500,0.0010831874424563903,617,2042,-0.035937499999999956,-0.1509355509355509,1,
2019-04-29,295.510009765625,296.4599914550781,295.4100036621094,295.7900085449219,266.4186096191406,2986600,0.0005067580144570982,601,2148,-0.02593192868719607,0.051909892262487656,1,
2019-04-30,295.489990234375,296.3299865722656,293.9100036621094,295.94000244140625,266.5536193847656,4549100,-0.007230810394131093,669,2261,0.11314475873544083,0.05260707635009321,0,
2019-05-01,296.7300109863281,296.92999267578125,293.7699890136719,293.79998779296875,264.626220703125,2952100,-0.0018381386260285515,636,2009,-0.04932735426008972,-0.11145510835913308,0,
2019-05-02,293.6400146484375,294.67999267578125,291.489990234375,293.260009765625,264.1398010253906,3279700,0.009377571030484866,572,2299,-0.10062893081761004,0.14435042309606771,1,
2019-05-03,294.7900085449219,296.3299865722656,294.57000732421875,296.010009765625,266.6167907714844,3160500,-0.0037502436616773105,623,2221,0.08916083916083917,-0.03392779469334495,0,
2019-05-06,291.2200012207031,295.2799987792969,290.8800048828125,294.8999938964844,265.6169128417969,2792400,-0.016920551923972904,793,2364,0.2728731942215088,0.0643854119765872,0,
2019-05-07,292.1300048828125,292.7900085449219,287.75,289.9100036621094,261.1225280761719,5263000,-0.0013451819986833868,665,2656,-0.1614123581336696,0.12351945854483914,0,
2019-05-08,289.54998779296875,291.3800048828125,288.82000732421875,289.5199890136719,260.7712707519531,5809800,-0.0027635026196165535,698,2435,0.049624060150375904,-0.08320783132530118,0,
2019-05-09,287.20001220703125,289.239990234375,285.2300109863281,288.7200012207031,260.0506286621094,4280900,0.004433223464058944,610,2263,-0.1260744985673352,-0.0706365503080082,1,
2019-05-10,287.5899963378906,290.8999938964844,284.2099914550781,290.0,261.2034912109375,4329400,-0.024827505550806928,906,2134,0.4852459016393442,-0.05700397702165272,0,
2019-05-13,284.30999755859375,285.3999938964844,281.8399963378906,282.79998779296875,254.7184600830078,5831700,0.008910618790408886,849,3103,-0.0629139072847682,0.4540768509840676,1,
2019-05-14,283.9100036621094,287.0199890136719,283.75,285.32000732421875,256.9881591796875,3202800,0.005993596000849255,680,3141,-0.199057714958775,0.012246213341927215,1,
2019-05-15,283.5,287.70001220703125,283.25,287.0299987792969,258.5284423828125,3135500,0.008814183151428345,605,2635,-0.11029411764705888,-0.16109519261381722,1,
2019-05-16,287.7699890136719,291.1700134277344,287.7099914550781,289.55999755859375,260.8071594238281,3911200,-0.005732653930218046,688,2677,0.13719008264462818,0.01593927893738134,0,
2019-05-17,287.0899963378906,290.5400085449219,287.0799865722656,287.8999938964844,259.3120422363281,3833300,-0.006668834455652584,617,2432,-0.10319767441860461,-0.09152035861038477,0,
2019-05-20,286.04998779296875,287.3699951171875,285.04998779296875,285.9800109863281,257.5827331542969,2515800,0.008741810735443556,533,2821,-0.13614262560777957,0.15995065789473695,1,
2019-05-21,287.7699890136719,288.8599853515625,287.489990234375,288.4800109863281,259.83447265625,3634900,-0.002877291920750369,590,2621,0.10694183864915563,-0.07089684509039351,0,
2019-05-22,287.3500061035156,288.6000061035156,287.05999755859375,287.6499938964844,259.08685302734375,3147400,-0.012480391078285136,588,2432,-0.003389830508474523,-0.07210988172453259,0,
2019-05-23,285.1000061035156,285.1099853515625,282.4700012207031,284.05999755859375,255.8533477783203,4419100,0.002464215968827954,535,3239,-0.09013605442176875,0.33182565789473695,1,
2019-05-24,285.6600036621094,286.1199951171875,284.010009765625,284.760009765625,256.48382568359375,1809900,-0.00941125083318839,546,2207,0.020560747663551426,-0.3186168570546465,0,
2019-05-28,285.0199890136719,286.0799865722656,282.0799865722656,282.0799865722656,254.0699920654297,2455600,-0.00652343731935856,661,2668,0.21062271062271054,0.2088808337109198,0,
2019-05-29,280.7799987792969,281.20001220703125,278.55999755859375,280.239990234375,252.41258239746094,6641200,0.0022481411229799964,610,2404,-0.0771558245083207,-0.09895052473763122,1,
2019-05-30,280.9599914550781,281.9200134277344,279.67999267578125,280.8699951171875,252.98004150390625,3840000,-0.012710126483024053,554,2436,-0.09180327868852456,0.01331114808652245,0,
2019-05-31,278.05999755859375,278.9599914550781,277.1099853515625,277.29998779296875,249.76463317871094,5428400,-0.0033180041634656154,484,2458,-0.12635379061371843,0.009031198686371145,0,
2019-06-03,277.1499938964844,278.3900146484375,274.8999938964844,276.3800048828125,248.9359130859375,5589700,0.021926333912458462,553,2451,0.1425619834710743,-0.002847843775427128,1,
2019-06-04,278.9599914550781,282.5799865722656,278.4700012207031,282.44000244140625,254.3941650390625,3598900,0.00856851041532214,617,2493,0.11573236889692584,0.017135862913096656,1,
2019-06-05,284.25,284.8999938964844,282.2099914550781,284.8599853515625,256.5739440917969,4673700,0.0066698265757072495,512,2320,-0.1701782820097245,-0.06939430405134372,1,
2019-06-06,285.2099914550781,287.5,284.489990234375,286.760009765625,258.2852478027344,4294500,0.010147821980315275,543,2303,0.060546875,-0.0073275862068965525,1,
2019-06-07,287.8999938964844,290.8299865722656,287.70001220703125,289.6700134277344,260.9062805175781,3180200,0.004591913539431003,510,2533,-0.06077348066298338,0.09986973512809372,1,
2019-06-10,291.3599853515625,292.80999755859375,290.8699951171875,291.0,262.1043395996094,3862800,-0.00017243718006410003,515,2352,0.009803921568627416,-0.07145677062771416,0,
2019-06-11,293.0,293.4200134277344,290.17999267578125,290.95001220703125,262.05914306640625,2923100,-0.00226815543310388,545,2475,0.058252427184465994,0.05229591836734704,0,
2019-06-12,290.6600036621094,291.25,289.8299865722656,290.2900085449219,261.4647521972656,2310100,0.004581521922453424,592,2506,0.0862385321100918,0.012525252525252606,1,
2019-06-13,291.3999938964844,291.9700012207031,290.6300048828125,291.6199951171875,262.66265869140625,2305000,-0.0012687450693801283,620,2186,0.04729729729729737,-0.1276935355147646,0,
2019-06-14,291.30999755859375,291.92999267578125,290.3999938964844,291.25,262.32940673828125,2000100,0.0009257783553067167,500,2095,-0.19354838709677424,-0.041628545288197594,1,
2019-06-17,289.75,290.45001220703125,289.4100036621094,289.739990234375,262.572265625,2511100,0.009353242596904066,569,2231,0.1379999999999999,0.0649164677804297,1,
2019-06-18,291.6300048828125,293.79998779296875,291.25,292.45001220703125,265.0281677246094,4622700,0.0027011519334054768,577,2315,0.014059753954305698,0.0376512774540565,1,
2019-06-19,292.7900085449219,293.8900146484375,291.7799987792969,293.239990234375,265.7440490722656,7606200,0.00948047066681168,685,2480,0.1871750433275563,0.0712742980561556,1,
2019-06-20,296.32000732421875,296.57000732421875,293.8800048828125,296.0199890136719,268.263427734375,4409000,-0.0015200576625375994,710,2420,0.03649635036496357,-0.024193548387096753,0,
2019-06-21,295.7900085449219,297.20001220703125,295.4700012207031,295.57000732421875,267.85565185546875,3628100,-0.001015142369444777,546,2266,-0.23098591549295777,-0.0636363636363636,0,
2019-06-24,295.8999938964844,296.2699890136719,295.1499938964844,295.2699890136719,267.583740234375,3549200,-0.009686156221174191,563,2234,0.031135531135531025,-0.014121800529567574,0,
2019-06-25,295.3500061035156,295.4100036621094,292.29998779296875,292.4100036621094,264.99188232421875,2975600,-0.0011284939954537831,614,2313,0.09058614564831258,0.03536257833482548,0,
2019-06-26,293.4200134277344,293.989990234375,292.0199890136719,292.0799865722656,264.6928405761719,4210200,0.004108512697650557,597,2330,-0.027687296416938123,0.007349762213575417,1,
2019-06-27,292.989990234375,293.7300109863281,292.6099853515625,293.2799987792969,265.78033447265625,2722100,0.0050122343436569405,526,1997,-0.11892797319933002,-0.14291845493562227,1,
2019-06-28,294.2799987792969,295.2099914550781,293.7099914550781,294.75,267.11248779296875,5751100,0.008719439005513863,605,1970,0.15019011406844096,-0.013520280420630915,1,
2019-07-01,298.3699951171875,298.8800048828125,296.0199890136719,297.32000732421875,269.4415588378906,3919300,0.0030602348313144567,676,2129,0.11735537190082646,0.08071065989847725,1,
2019-07-02,297.2900085449219,298.2300109863281,296.3699951171875,298.2300109863281,270.26611328125,3786000,0.007544873126710705,554,2033,-0.18047337278106512,-0.045091592296853,1,
2019-07-03,298.8900146484375,300.5199890136719,298.75,300.4800109863281,272.30523681640625,1853800,-0.0012644994933260767,562,2304,0.014440433212996373,0.13330054107230693,0,
2019-07-05,299.17999267578125,300.3599853515625,297.739990234375,300.1000061035156,271.9609069824219,2198200,-0.005165057063169831,475,2239,-0.15480427046263345,-0.02821180555555558,0,
2019-07-08,298.7099914550781,299.04998779296875,297.739990234375,298.54998779296875,270.55621337890625,2954400,0.0016075643505122361,646,2311,0.3600000000000001,0.0321572130415364,1,
2019-07-09,297.2300109863281,299.260009765625,297.19000244140625,299.0299987792969,270.99114990234375,1544300,0.004581615115050619,761,2236,0.17801857585139325,-0.03245348334054521,1,
2019-07-10,300.1199951171875,301.3900146484375,299.5,300.3999938964844,272.23272705078125,2498200,0.0017640223296349067,651,2101,-0.14454664914586068,-0.0603756708407871,1,
2019-07-11,301.04998779296875,301.32000732421875,299.92999267578125,300.92999267578125,272.71295166015625,5142100,0.005184160976551944,587,2180,-0.09831029185867901,0.03760114231318412,1,
2019-07-12,301.6099853515625,302.489990234375,301.260009765625,302.489990234375,274.1267395019531,4346100,-9.908060986896228e-05,633,2253,0.0783645655877343,0.03348623853211019,0,
2019-07-15,302.8599853515625,302.8900146484375,301.9700012207031,302.4599914550781,274.0995788574219,4400600,-0.003372526009845611,626,2152,-0.011058451816745696,-0.04482911673324452,0,
2019-07-16,302.4100036621094,302.6000061035156,301.19000244140625,301.44000244140625,273.1751708984375,2233900,-0.006502220210371501,663,2247,0.0591054313099042,0.04414498141263934,0,
2019-07-17,301.4700012207031,301.6400146484375,299.4800109863281,299.4800109863281,271.39892578125,2142400,0.003907367426797981,660,2299,-0.004524886877828038,0.02314196706720062,1,
2019-07-18,298.8900146484375,300.9599914550781,298.4200134277344,300.6499938964844,272.4593811035156,4370700,-0.0058211578045528345,717,2504,0.08636363636363642,0.08916920400173978,0,
2019-07-19,301.7799987792969,301.82000732421875,298.69000244140625,298.8999938964844,270.87335205078125,3510300,0.0022750169051792835,630,2672,-0.12133891213389125,0.06709265175718859,1,
2019-07-22,299.3299865722656,300.2099914550781,298.7699890136719,299.5799865722656,271.4895935058594,2571000,0.007143297942451943,665,2402,0.05555555555555558,-0.1010479041916168,1,
2019-07-23,300.9100036621094,301.760009765625,299.9599914550781,301.7200012207031,273.4289245605469,2209200,0.004805842683236028,660,2291,-0.007518796992481258,-0.04621149042464612,1,
2019-07-24,300.94000244140625,303.1700134277344,300.8299865722656,303.1700134277344,274.74298095703125,2390900,-0.0048158468419414735,614,2544,-0.0696969696969697,0.11043212570929728,0,
2019-07-25,302.7099914550781,302.739990234375,300.8299865722656,301.7099914550781,273.41986083984375,3671000,0.006827672588700429,706,2371,0.14983713355048867,-0.06800314465408808,1,
2019-07-26,302.5,303.9800109863281,302.3999938964844,303.7699890136719,275.28668212890625,2711600,-0.0018104129284612913,660,2120,-0.06515580736543913,-0.10586250527203711,0,
2019-07-29,303.6300048828125,303.67999267578125,302.5799865722656,303.2200012207031,274.7882995605469,2326300,-0.0024406217366151894,573,2130,-0.13181818181818183,0.004716981132075526,0,
2019-07-30,301.6499938964844,302.8999938964844,301.2200012207031,302.4800109863281,274.1176452636719,4701600,-0.010744257002698765,681,2424,0.18848167539267013,0.13802816901408455,0,
2019-07-31,302.760009765625,302.94000244140625,296.8900146484375,299.2300109863281,271.1724548339844,8580600,-0.009056831145586641,595,2580,-0.12628487518355358,0.06435643564356441,0,
2019-08-01,299.32000732421875,302.6000061035156,295.6600036621094,296.5199890136719,268.71649169921875,10111600,-0.007082210241057041,756,2185,0.2705882352941176,-0.1531007751937985,0,
2019-08-02,295.5199890136719,295.80999755859375,292.5899963378906,294.4200134277344,266.8133850097656,7481100,-0.030058763978848768,604,2166,-0.20105820105820105,-0.008695652173912993,0,
2019-08-05,289.7699890136719,289.8500061035156,283.3399963378906,285.57000732421875,258.7933044433594,6926000,0.013341408672664423,658,2439,0.08940397350993368,0.12603878116343492,1,
2019-08-06,287.5400085449219,289.69000244140625,285.92999267578125,289.3800048828125,262.2459716796875,5461900,0.0009677333766540119,737,2731,0.1200607902735562,0.11972119721197205,1,
2019-08-07,286.010009765625,290.4599914550781,283.6600036621094,289.6600036621094,262.499755859375,5787700,0.019402338543841546,778,2553,0.05563093622795123,-0.06517759062614426,1,
2019-08-08,291.260009765625,295.2799987792969,290.67999267578125,295.2799987792969,267.5928649902344,5600900,-0.006502607121437132,1158,2277,0.48843187660668375,-0.10810810810810811,0,
2019-08-09,294.2699890136719,294.95001220703125,291.32000732421875,293.3599853515625,265.8528137207031,4104700,-0.012101064516703008,650,2037,-0.43868739205526774,-0.1054018445322793,0,
2019-08-12,291.5799865722656,292.2099914550781,288.69000244140625,289.80999755859375,262.6357116699219,2768300,0.015423806074960966,638,2273,-0.018461538461538418,0.1158566519391262,1,
2019-08-13,289.3699951171875,295.8399963378906,289.0,294.2799987792969,266.6865539550781,3622700,-0.02949574797869503,651,2120,0.020376175548589393,-0.06731192256929164,0,
2019-08-14,289.70001220703125,290.4100036621094,285.3999938964844,285.6000061035156,258.8204345703125,5805500,0.0025908415819402286,756,2198,0.16129032258064524,0.036792452830188616,1,
2019-08-15,286.5199890136719,287.239990234375,284.0199890136719,286.3399963378906,259.4909973144531,5784200,0.01480783078821224,759,2275,0.003968253968253954,0.035031847133758065,1,
2019-08-16,288.1400146484375,291.010009765625,288.0799865722656,290.5799865722656,263.33349609375,3906300,0.012010204762778809,605,2220,-0.2028985507246377,-0.0241758241758242,1,
2019-08-19,293.8599853515625,294.7699890136719,293.1400146484375,294.07000732421875,266.4961853027344,2828500,-0.00775317899806327,666,2274,0.1008264462809918,0.024324324324324298,0,
2019-08-20,293.489990234375,294.0199890136719,291.6099853515625,291.7900085449219,264.42999267578125,2987200,0.008190916810716153,732,2322,0.0990990990990992,0.02110817941952514,1,
2019-08-21,294.1499938964844,294.57000732421875,293.42999267578125,294.17999267578125,266.5959167480469,3004600,-0.0003740921711368195,651,2284,-0.11065573770491799,-0.01636520241171402,0,
2019-08-22,294.95001220703125,295.6300048828125,292.1000061035156,294.07000732421875,266.4961853027344,4230200,-0.025843891822168286,660,2557,0.01382488479262678,0.1195271453590192,0,
2019-08-23,292.6300048828125,294.45001220703125,285.1000061035156,286.4700012207031,259.60888671875,6060200,0.011135478361943951,702,2601,0.06363636363636371,0.017207665232694458,1,
2019-08-26,288.9100036621094,289.6600036621094,287.239990234375,289.6600036621094,262.499755859375,2675200,-0.003832313832137113,824,2400,0.1737891737891737,-0.07727797001153403,0,
2019-08-27,291.2099914550781,291.6099853515625,287.69000244140625,288.54998779296875,261.4937744140625,3416400,0.0067583748530102294,689,2560,-0.16383495145631066,0.06666666666666665,1,
2019-08-28,287.75,290.7099914550781,286.8900146484375,290.5,263.26104736328125,3827600,0.01301182467404649,616,2267,-0.10595065312046448,-0.11445312500000004,1,
2019-08-29,293.42999267578125,294.8399963378906,292.29998779296875,294.2799987792969,266.6865539550781,3544700,-3.387198563642446e-05,729,2301,0.18344155844155852,0.014997794441993895,0,
2019-08-30,295.9599914550781,295.9599914550781,293.1199951171875,294.2699890136719,266.6775207519531,4786600,-0.006320886826086336,600,2295,-0.17695473251028804,-0.0026075619295958807,0,
2019-09-03,292.260009765625,293.2900085449219,290.95001220703125,292.4100036621094,264.99188232421875,4419500,0.011456649776685035,587,2417,-0.021666666666666612,0.05315904139433547,1,
2019-09-04,294.8599853515625,295.7699890136719,294.04998779296875,295.760009765625,268.0278015136719,2741800,0.013085103899867168,617,2365,0.05110732538330498,-0.02151427389325611,1,
2019-09-05,298.5400085449219,300.6000061035156,298.3999938964844,299.6300048828125,271.53497314453125,4005000,0.0006671418478885194,543,2417,-0.11993517017828204,0.021987315010570718,1,
2019-09-06,299.94000244140625,300.510009765625,299.20001220703125,299.8299865722656,271.71612548828125,3937500,0.00046677779781956197,848,2152,0.5616942909760589,-0.10964004964832441,1,
2019-09-09,300.92999267578125,300.9800109863281,298.9100036621094,299.9700012207031,271.84295654296875,2973000,-6.623445875786338e-05,702,2428,-0.1721698113207547,0.12825278810408913,0,
2019-09-10,299.0799865722656,299.95001220703125,297.7099914550781,299.95001220703125,271.824951171875,2416700,0.007234404681177864,1204,2450,0.7150997150997151,0.00906095551894559,1,
2019-09-11,300.25,302.1199951171875,299.5400085449219,302.1199951171875,273.79144287109375,2935100,0.0031776947651911414,1391,2493,0.1553156146179402,0.017551020408163254,1,
2019-09-12,303.0199890136719,304.25,302.2200012207031,303.0799865722656,274.6614685058594,4597600,-0.0006928806513077923,1256,2399,-0.09705248023005031,-0.03770557561171284,0,
2019-09-13,303.55999755859375,303.95001220703125,302.44000244140625,302.8699951171875,274.4711608886719,4257000,-0.0029387790863355523,595,2345,-0.5262738853503185,-0.022509378907878297,0,
2019-09-16,301.57000732421875,302.3999938964844,301.20001220703125,301.9800109863281,273.66455078125,2277400,0.0024173008127179596,712,2571,0.19663865546218484,0.09637526652452033,1,
2019-09-17,301.67999267578125,302.7799987792969,301.5400085449219,302.7099914550781,274.3260803222656,3919700,0.0007266564669254905,691,2563,-0.0294943820224719,-0.003111629716063824,1,
2019-09-18,302.25,303.0,300.010009765625,302.92999267578125,274.5254211425781,3060100,-0.000131730350973025,676,2587,-0.02170767004341534,0.009364026531408554,0,
2019-09-19,303.3299865722656,304.3999938964844,302.489990234375,302.8900146484375,274.4892578125,5068000,-0.005513502527777048,636,2504,-0.059171597633136064,-0.0320834943950522,0,
2019-09-20,303.55999755859375,303.8399963378906,300.6000061035156,301.2200012207031,272.9758605957031,5885200,0.0005311422532214838,587,2625,-0.07704402515723274,0.04832268370607018,1,
2019-09-23,300.69000244140625,302.1099853515625,300.44000244140625,301.3800048828125,273.120849609375,4628800,-0.00795955226722378,687,2557,0.17035775127768304,-0.025904761904761875,0,
2019-09-24,301.07000732421875,301.5299987792969,296.4700012207031,297.510009765625,270.9469299316406,6186800,0.005646745147120713,654,2785,-0.048034934497816595,0.08916699256941718,1,
2019-09-25,297.57000732421875,299.760009765625,295.9700012207031,299.19000244140625,272.4768981933594,3626300,-0.0020050348753091196,660,2621,0.00917431192660545,-0.05888689407540393,0,
2019-09-26,299.2799987792969,299.5,297.1000061035156,298.5899963378906,271.9305725097656,3102400,-0.005325105848402734,623,2646,-0.05606060606060603,0.009538344143456667,0,
2019-09-27,299.5299987792969,299.6000061035156,295.3399963378906,297.0,270.4825134277344,3287300,0.005117694333100387,785,2385,0.260032102728732,-0.09863945578231292,1,
2019-09-30,297.6099853515625,299.19000244140625,297.55999755859375,298.5199890136719,271.86676025390625,3805200,-0.01209290421652054,933,2352,0.18853503184713372,-0.01383647798742138,0,
2019-10-01,299.3999938964844,300.1199951171875,294.6300048828125,294.9100036621094,268.5791015625,4889900,-0.01790382692482506,773,2315,-0.17148981779206862,-0.01573129251700678,0,
2019-10-02,293.1499938964844,293.1499938964844,288.239990234375,289.6300048828125,263.7705078125,6358200,0.008320961418136097,877,2659,0.13454075032341528,0.1485961123110151,1,
2019-10-03,289.3999938964844,292.05999755859375,286.4200134277344,292.0400085449219,265.96533203125,4787000,0.013628218991476038,783,2620,-0.10718358038768527,-0.014667168108311368,1,
2019-10-04,292.7900085449219,296.260009765625,292.75,296.0199890136719,269.5899658203125,4951200,-0.0044927939158181385,590,2742,-0.24648786717752236,0.04656488549618332,0,
2019-10-07,295.1400146484375,296.9200134277344,294.4200134277344,294.69000244140625,268.3787536621094,2631600,-0.015473887154482502,897,2180,0.5203389830508474,-0.20495988329686365,0,
2019-10-08,292.6600036621094,293.45001220703125,290.1099853515625,290.1300048828125,264.22589111328125,3984900,0.009478463885026711,945,2235,0.05351170568561869,0.025229357798165042,1,
2019-10-09,292.3699951171875,293.9100036621094,291.7099914550781,292.8800048828125,266.7303466796875,3371700,0.007067556651892071,1062,2455,0.12380952380952381,0.09843400447427286,1,
2019-10-10,292.80999755859375,295.8599853515625,292.6199951171875,294.95001220703125,268.615478515625,3530700,0.009967857275943848,714,2550,-0.327683615819209,0.0386965376782078,1,
2019-10-11,297.95001220703125,300.3900146484375,297.7799987792969,297.8900146484375,271.2929992675781,4203800,-0.0006709990821992529,941,3206,0.3179271708683473,0.2572549019607844,0,
2019-10-14,297.5799865722656,298.2799987792969,297.239990234375,297.69000244140625,271.1109619140625,1612700,0.0098422245345553,1012,2248,0.07545164718384689,-0.29881472239550844,1,
2019-10-15,298.7300109863281,301.3699951171875,298.6499938964844,300.6199951171875,273.779296875,3190400,-0.0018297440699126533,852,2353,-0.15810276679841895,0.04670818505338081,0,
2019-10-16,300.0299987792969,300.82000732421875,299.5899963378906,300.07000732421875,273.2783508300781,3140300,0.002799285521651207,1189,2478,0.3955399061032865,0.05312367190820222,1,
2019-10-17,301.3500061035156,301.9200134277344,300.20001220703125,300.9100036621094,274.0433349609375,2130900,-0.004353635226950314,1903,2356,0.6005046257359126,-0.04923325262308309,0,
2019-10-18,300.3999938964844,301.04998779296875,298.6499938964844,299.6000061035156,272.8502502441406,2557200,0.007176685374627567,992,2164,-0.47871781397792956,-0.08149405772495755,1,
2019-10-21,301.0899963378906,301.8699951171875,300.6700134277344,301.75,274.80841064453125,3784900,-0.0034798746729843844,952,2246,-0.040322580645161255,0.037892791127541514,0,
2019-10-22,302.29998779296875,302.55999755859375,300.57000732421875,300.70001220703125,273.85211181640625,4540200,0.0028931577632398398,703,2346,-0.26155462184873945,0.04452359750667845,1,
2019-10-23,300.3900146484375,301.6300048828125,300.19000244140625,301.57000732421875,274.6444091796875,1767200,0.0017908677191342814,1032,2378,0.46799431009957315,0.01364023870417741,1,
2019-10-24,302.57000732421875,302.75,301.1499938964844,302.1099853515625,275.1362609863281,1937800,0.003971864526909563,795,2235,-0.22965116279069764,-0.060134566862909966,1,
2019-10-25,301.45001220703125,303.8999938964844,301.4200134277344,303.30999755859375,276.22906494140625,2515700,0.005605053939281124,959,1949,0.20628930817610058,-0.12796420581655477,1,
2019-10-28,304.54998779296875,305.55999755859375,304.54998779296875,305.010009765625,277.77734375,4818200,-0.00032794240694122845,916,2062,-0.044838373305526535,0.057978450487429445,0,
2019-10-29,304.7300109863281,305.94000244140625,304.55999755859375,304.9100036621094,277.6862487792969,3443100,0.003148400693114173,659,2209,-0.2805676855895196,0.07129000969932098,1,
2019-10-30,305.1300048828125,306.2200012207031,303.69000244140625,305.8699951171875,278.5605163574219,4160900,-0.002942416692786276,719,2218,0.09104704097116834,0.004074241738343032,0,
2019-10-31,305.8299865722656,305.8299865722656,303.45001220703125,304.9700012207031,277.7408752441406,4214800,0.009771549606620633,1169,2247,0.6258692628650904,0.013074842200180292,1,
2019-11-01,306.6499938964844,307.95001220703125,306.4700012207031,307.95001220703125,280.454833984375,2413100,0.0037669435200040624,1149,2022,-0.017108639863130826,-0.1001335113484646,1,
2019-11-04,309.6300048828125,309.760009765625,308.7099914550781,309.1099853515625,281.51129150390625,2509600,-0.0011972384163063676,1007,2380,-0.12358572671888601,0.17705242334322446,0,
2019-11-05,309.3599853515625,309.6499938964844,308.42999267578125,308.739990234375,281.17425537109375,4949800,0.00045368121058642075,931,2539,-0.07547169811320753,0.06680672268907561,1,
2019-11-06,308.760009765625,309.1400146484375,307.7699890136719,308.8800048828125,281.30181884765625,2711200,0.0035613013140591843,1164,2571,0.25026852846401715,0.012603387160299295,1,
2019-11-07,310.32000732421875,311.17999267578125,309.4100036621094,309.9800109863281,282.3036193847656,2772000,0.00222603581958869,1191,2572,0.02319587628865971,0.000388953714507867,1,
2019-11-08,309.5299987792969,310.69000244140625,308.7799987792969,310.6700134277344,282.9320373535156,2031000,-0.0016419812197386863,1110,2241,-0.06801007556675065,-0.12869362363919135,0,
2019-11-11,309.20001220703125,310.2699890136719,309.0,310.1600036621094,282.46746826171875,2232400,0.0017087490414215978,1584,2386,0.4270270270270271,0.0647032574743418,1,
2019-11-12,310.5,311.75,309.8900146484375,310.69000244140625,282.95013427734375,2528800,0.0005473639706159439,1043,2781,-0.3415404040404041,0.16554903604358762,1,
2019-11-13,309.6199951171875,311.2900085449219,309.3999938964844,310.8599853515625,283.1050109863281,2311600,0.0014154688289100825,952,3297,-0.08724832214765099,0.18554476806903986,1,
2019-11-14,310.5299987792969,311.3800048828125,309.8399963378906,311.29998779296875,283.5057373046875,2317200,0.007420411551622319,715,2507,-0.24894957983193278,-0.23961176827418862,1,
2019-11-15,312.7699890136719,313.6099853515625,312.0199890136719,313.6099853515625,285.6094665527344,3770100,0.0004465291732926868,856,2069,0.1972027972027972,-0.17471080973274833,1,
2019-11-18,313.29998779296875,314.05999755859375,312.79998779296875,313.75,285.73699951171875,2866900,-0.0002232183385079134,742,2363,-0.133177570093458,0.1420976317061382,0,
2019-11-19,314.4700012207031,314.4700012207031,312.9800109863281,313.67999267578125,285.6732177734375,3873700,-0.003697919226060664,1181,2473,0.5916442048517521,0.04655099449851874,0,
2019-11-20,313.05999755859375,313.5899963378906,310.80999755859375,312.5199890136719,284.6168212890625,4099900,-0.0014400100189527754,1375,2468,0.16426756985605429,-0.002021835826930829,0,
2019-11-21,312.6300048828125,312.739990234375,311.17999267578125,312.07000732421875,284.20697021484375,2174200,0.0021468085001290493,1192,2291,-0.13309090909090904,-0.07171799027552672,1,
2019-11-22,312.8599853515625,312.9700012207031,311.6199951171875,312.739990234375,284.8171081542969,2164500,0.007546218013782857,1085,2313,-0.08976510067114096,0.00960279353993898,1,
2019-11-25,313.75,315.1400146484375,313.75,315.1000061035156,286.9664001464844,3510100,0.001999720311400832,1187,2331,0.09400921658986183,0.0077821011673151474,1,
2019-11-26,315.2300109863281,316.0400085449219,314.8399963378906,315.7300109863281,287.5402526855469,3180700,0.00481367301771507,956,2294,-0.19460825610783483,-0.015873015873015928,1,
2019-11-27,316.4700012207031,317.2799987792969,316.1499938964844,317.25,288.92437744140625,1999500,-0.003750736468882798,1451,2436,0.5177824267782427,0.0619006102877071,0,
2019-11-29,316.69000244140625,316.9200134277344,315.8500061035156,316.05999755859375,287.8406982421875,1790700,-0.008384467964466347,1055,2269,-0.2729152308752585,-0.06855500821018068,0,
2019-12-02,316.42999267578125,316.45001220703125,312.95001220703125,313.4100036621094,285.42730712890625,3528400,-0.006891993291479603,1162,2935,0.10142180094786735,0.29352137505509024,0,
2019-12-03,310.3900146484375,311.4100036621094,308.8800048828125,311.25,283.46014404296875,2573100,0.006201160972229669,929,2909,-0.20051635111876076,-0.008858603066439485,1,
2019-12-04,312.45001220703125,313.8699951171875,312.1099853515625,313.17999267578125,285.2179260253906,2210900,0.0021069929117427666,1127,2720,0.21313240043057058,-0.06497078033688553,1,
2019-12-05,314.010009765625,314.010009765625,312.3500061035156,313.8399963378906,285.8188781738281,3006400,0.008921798052107688,1244,2356,0.10381543921916592,-0.13382352941176467,1,
2019-12-06,315.92999267578125,317.1400146484375,315.8900146484375,316.6400146484375,288.368896484375,4750700,-0.0029685884796204487,1124,2395,-0.09646302250803862,0.016553480475381965,0,
2019-12-09,316.20001220703125,317.0,315.6199951171875,315.70001220703125,287.5128479003906,3296100,-0.001045087467961947,966,2571,-0.14056939501779364,0.07348643006263056,0,
2019-12-10,315.6499938964844,316.32000732421875,314.6099853515625,315.3699951171875,287.2123718261719,3497900,0.0025366112815607966,851,2508,-0.11904761904761907,-0.02450408401400228,1,
2019-12-11,315.8399963378906,316.5199890136719,315.4100036621094,316.1700134277344,287.94091796875,4633900,0.008855941041507442,1014,2304,0.1915393654524089,-0.08133971291866027,1,
2019-12-12,316.2300109863281,319.80999755859375,315.9700012207031,318.9700012207031,290.49090576171875,5009300,0.0003447911429228512,1277,2471,0.2593688362919133,0.07248263888888884,1,
2019-12-13,318.7300109863281,320.5199890136719,317.8399963378906,319.0799865722656,290.591064453125,3983000,0.0071885494021899365,1303,2669,0.02036021926389986,0.0801295022258195,1,
2019-12-16,319.0,319.9800109863281,318.989990234375,319.32000732421875,292.67999267578125,3948000,9.384249350774532e-05,1616,2370,0.24021488871834218,-0.11202697639565384,1,
2019-12-17,319.7799987792969,320.07000732421875,319.2900085449219,319.3500061035156,292.70745849609375,4846300,6.255579194691663e-05,889,2826,-0.4498762376237624,0.19240506329113916,1,
2019-12-18,319.8299865722656,320.05999755859375,319.3599853515625,319.3699951171875,292.72576904296875,4238700,0.0042897036062616856,1061,3645,0.1934758155230596,0.2898089171974523,1,
2019-12-19,319.6000061035156,320.80999755859375,319.3399963378906,320.739990234375,293.9814758300781,5208100,0.005113365932451153,1160,2708,0.09330819981149863,-0.2570644718792867,1,
2019-12-20,321.8599853515625,323.3500061035156,321.80999755859375,322.3800048828125,295.4847106933594,5678400,0.0007130431854853736,1438,2175,0.2396551724137932,-0.19682422451994097,1,
2019-12-23,322.9700012207031,323.0400085449219,322.45001220703125,322.6099853515625,295.6954040527344,4519500,0.00012426017976241432,1165,2196,-0.1898470097357441,0.009655172413793212,1,
2019-12-24,322.8699951171875,322.92999267578125,322.30999755859375,322.6499938964844,295.7321472167969,2716300,0.005175763483417972,1180,2197,0.012875536480686733,0.00045537340619317135,1,
2019-12-26,323.05999755859375,324.3299865722656,323.0199890136719,324.32000732421875,297.2627868652344,2847400,-0.00018499683852513105,1377,2197,0.16694915254237297,0.0,0,
2019-12-27,325.19000244140625,325.19000244140625,323.7099914550781,324.260009765625,297.2077941894531,5091400,-0.005396910638310937,1602,2257,0.1633986928104576,0.02730996813837061,0,
2019-12-30,324.4100036621094,324.489990234375,321.9599914550781,322.510009765625,295.6037902832031,3511400,0.0022635989116637223,1341,2279,-0.1629213483146067,0.009747452370403087,1,
2019-12-31,321.9599914550781,323.55999755859375,321.57000732421875,323.239990234375,296.2729187011719,3128900,0.009528267185784145,1179,2318,-0.12080536912751683,0.017112768758227315,1,
2020-01-02,324.9800109863281,326.32000732421875,323.95001220703125,326.32000732421875,299.09588623046875,4070500,-0.007691739448333346,1575,2480,0.33587786259541974,0.06988783433994827,0,
2020-01-03,322.5299987792969,325.05999755859375,322.510009765625,323.80999755859375,296.7953186035156,4290400,0.003953055245399462,1616,3066,0.026031746031746072,0.2362903225806452,1,
2020-01-06,321.8900146484375,325.1400146484375,321.7799987792969,325.0899963378906,297.96856689453125,4212000,-0.002737551662594817,1518,2913,-0.0606435643564357,-0.049902152641878694,0,
2020-01-07,324.4599914550781,324.9700012207031,323.6499938964844,324.20001220703125,297.1528625488281,3632500,0.005089397721396605,1517,2734,-0.0006587615283267789,-0.061448678338482665,1,
2020-01-08,324.3800048828125,327.2099914550781,324.1099853515625,325.8500061035156,298.6651916503906,3912100,0.006751638786711922,720,3384,-0.5253790375741596,0.23774689100219448,1,
2020-01-09,327.5899963378906,328.1700134277344,326.94000244140625,328.04998779296875,300.6816711425781,2964600,-0.0027739500201822143,730,2913,0.01388888888888884,-0.1391843971631206,0,
2020-01-10,328.7300109863281,328.8999938964844,326.6199951171875,327.1400146484375,299.84759521484375,3494600,0.006999914303795762,980,2868,0.34246575342465757,-0.015447991761071034,1,
2020-01-13,327.8699951171875,329.42999267578125,327.3599853515625,329.42999267578125,301.9465026855469,3588100,-0.0015478791932592717,1950,2632,0.989795918367347,-0.08228730822873087,0,
2020-01-14,328.8999938964844,330.07000732421875,328.1099853515625,328.9200134277344,301.4791259765625,4298700,0.0022494480136792117,1323,2588,-0.32153846153846155,-0.016717325227963542,1,
2020-01-15,328.80999755859375,330.489990234375,328.7099914550781,329.6600036621094,302.15728759765625,4405100,0.008311509136872841,1594,2621,0.20483749055177625,0.012751159196290551,1,
2020-01-16,331.1700134277344,332.3999938964844,330.9200134277344,332.3999938964844,304.6686706542969,5493100,0.003309599561591492,1656,2938,0.038895859473023764,0.12094620373903098,1,
2020-01-17,333.20001220703125,333.6499938964844,332.5400085449219,333.5,305.677001953125,4982400,-0.0021590539697600164,1391,2657,-0.16002415458937203,-0.09564329475833899,0,
2020-01-21,332.3800048828125,333.6499938964844,332.30999755859375,332.7799987792969,305.01702880859375,5892400,0.00021030940295152512,1347,3193,-0.03163191948238675,0.20173127587504713,1,
2020-01-22,333.75,334.44000244140625,332.67999267578125,332.8500061035156,305.0811767578125,4182400,0.001231981914393554,1572,3325,0.1670378619153674,0.0413404321954276,1,
2020-01-23,332.1000061035156,333.4100036621094,330.8800048828125,333.260009765625,305.45703125,7454900,-0.009092220609486334,1383,2906,-0.12022900763358779,-0.1260150375939849,0,
2020-01-24,333.9100036621094,334.010009765625,328.8399963378906,330.2300109863281,302.67974853515625,4793500,-0.016231053788939742,1274,3013,-0.07881417208966013,0.03682037164487273,0,
2020-01-27,324.45001220703125,326.55999755859375,324.0899963378906,324.8699951171875,297.7669372558594,6552900,0.010650362034213101,1394,3286,0.09419152276295129,0.09060736807168945,1,
2020-01-28,326.5299987792969,329.29998779296875,326.0,328.3299865722656,300.9382629394531,5559200,-0.0007003243538149517,1296,3256,-0.07030129124820661,-0.00912964090079127,0,
2020-01-29,329.8699951171875,330.0799865722656,327.9200134277344,328.1000061035156,300.7275085449219,3372400,0.003017178698426104,1283,2900,-0.010030864197530853,-0.10933660933660938,1,
2020-01-30,325.82000732421875,329.3599853515625,324.9599914550781,329.0899963378906,301.6348571777344,4084500,-0.017776256122159828,1265,2709,-0.014029618082618822,-0.06586206896551727,0,
2020-01-31,328.45001220703125,328.6199951171875,322.17999267578125,323.239990234375,296.2729187011719,6354000,0.0071772821339659565,1378,2853,0.08932806324110665,0.0531561461794019,1,
2020-02-03,324.80999755859375,327.6199951171875,324.7300109863281,325.55999755859375,298.39935302734375,3119700,0.015511738145521203,1150,2957,-0.1654571843251088,0.03645285664213116,1,
2020-02-04,329.55999755859375,331.489990234375,329.2200012207031,330.6099853515625,303.0280456542969,3636300,0.011130734772105688,1313,3009,0.1417391304347826,0.017585390598579664,1,
2020-02-05,333.7799987792969,334.5799865722656,332.20001220703125,334.2900085449219,306.4009704589844,4106100,0.0038294260034239525,1989,2946,0.5148514851485149,-0.02093718843469594,1,
2020-02-06,335.57000732421875,335.67999267578125,334.2900085449219,335.57000732421875,307.5743103027344,4442600,-0.005423474204489853,1458,3053,-0.26696832579185525,0.0363204344874406,0,
2020-02-07,334.3299865722656,335.1300048828125,333.1199951171875,333.75,305.90618896484375,4679900,0.00740048767280399,1596,2505,0.09465020576131677,-0.17949557811988204,1,
2020-02-10,332.7099914550781,336.239990234375,332.7099914550781,336.2200012207031,308.1700439453125,3614300,0.0018440073376062571,1485,2653,-0.06954887218045114,0.059081836327345316,1,
2020-02-11,337.7099914550781,338.5400085449219,336.260009765625,336.8399963378906,308.7383117675781,5850800,0.006412443063410711,1724,2742,0.16094276094276094,0.033546928006030985,1,
2020-02-12,338.3900146484375,339.19000244140625,337.9800109863281,339.0,310.71807861328125,5473300,-0.0012386056822054625,1685,2752,-0.022621809744779564,0.003646973012399801,0,
2020-02-13,337.4599914550781,339.67999267578125,337.1000061035156,338.5799865722656,310.3332214355469,7908300,0.0014470450828050208,1932,2640,0.14658753709198824,-0.04069767441860461,1,
2020-02-14,339.0,339.260009765625,337.75,339.07000732421875,310.78228759765625,6510600,-0.0023889123359119857,1548,2329,-0.19875776397515532,-0.1178030303030303,0,
2020-02-18,338.04998779296875,338.70001220703125,336.75,338.260009765625,310.03985595703125,3566600,0.004788970514556734,2017,2853,0.3029715762273901,0.22498926577930445,1,
2020-02-19,339.3299865722656,340.6300048828125,339.0199890136719,339.8800048828125,311.5246276855469,2678800,-0.0040894240313933405,1345,2652,-0.3331680713931582,-0.07045215562565721,0,
2020-02-20,339.3299865722656,340.20001220703125,335.2300109863281,338.489990234375,310.25067138671875,3567700,-0.010280737503755022,1333,2760,-0.00892193308550182,0.040723981900452566,0,
2020-02-21,337.0,337.32000732421875,334.1000061035156,335.010009765625,307.0610656738281,4323700,-0.03337253449365851,1180,2405,-0.11477869467366841,-0.12862318840579712,0,
2020-02-24,324.6099853515625,327.2799987792969,322.70001220703125,323.8299865722656,296.81365966796875,7492100,-0.029984608250676836,1161,3545,-0.01610169491525426,0.47401247401247404,0,
2020-02-25,325.3800048828125,326.05999755859375,313.0799865722656,314.1199951171875,287.913818359375,12100900,-0.0038518776048401815,1241,3903,0.06890611541774327,0.10098730606488004,0,
2020-02-26,315.5299987792969,319.5,312.07000732421875,312.9100036621094,286.8048095703125,11655100,-0.04538094194309017,1687,3975,0.35938759065269954,0.01844734819369709,0,
2020-02-27,306.7200012207031,311.0299987792969,298.7099914550781,298.7099914550781,273.7893371582031,11340100,-0.00937343010316305,2096,4389,0.24244220509780678,0.10415094339622644,0,
2020-02-28,290.0400085449219,297.9599914550781,286.7099914550781,295.9100036621094,271.2229919433594,19515300,0.04896755925641094,2461,6294,0.17414122137404586,0.43403964456596045,1,
2020-03-02,299.3399963378906,310.5,295.6499938964844,310.3999938964844,284.5041198730469,11780800,-0.028672699799015988,1249,4067,-0.4924827305973182,-0.35382904353352396,0,
2020-03-03,310.760009765625,315.1499938964844,298.8800048828125,301.5,276.34661865234375,12910300,0.043946954532614324,1191,3948,-0.04643714971977586,-0.029259896729776247,1,
2020-03-04,307.45001220703125,314.75,304.7099914550781,314.75,288.4912109375,7188600,-0.034916558062386804,1398,3310,0.1738035264483626,-0.16160081053698072,0,
2020-03-05,306.32000732421875,309.80999755859375,301.30999755859375,303.760009765625,278.4180908203125,6506600,-0.016657744362616467,2091,3176,0.4957081545064377,-0.04048338368580062,0,
2020-03-06,294.489990234375,300.0400085449219,291.4200134277344,298.70001220703125,273.7802734375,9896200,-0.08001359233603589,2161,3392,0.03347680535628883,0.06801007556675054,0,
2020-03-09,277.20001220703125,285.2900085449219,274.5799865722656,274.79998779296875,251.87413024902344,14676500,0.0536754407556197,2624,7308,0.21425266080518268,1.1544811320754715,1,
2020-03-10,285.7099914550781,289.739990234375,274.6099853515625,289.54998779296875,265.3935852050781,14213300,-0.048627210493701,1819,5739,-0.30678353658536583,-0.21469622331691296,0,
2020-03-11,281.8599853515625,283.0299987792969,271.989990234375,275.4700012207031,252.4882354736328,9984000,-0.09623541184242357,1567,6650,-0.13853765805387575,0.15873845617703441,0,
2020-03-12,256.8800048828125,267.7799987792969,248.55999755859375,248.9600067138672,228.18992614746094,22444700,0.09073716511681473,2693,10911,0.7185705169112955,0.6407518796992482,1,
2020-03-13,264.739990234375,272.07000732421875,250.52000427246094,271.54998779296875,248.89523315429688,24915800,-0.11574273716161965,2196,11541,-0.18455254363163753,0.0577398955182844,0,
2020-03-16,242.47000122070312,257.82000732421875,235.0,240.1199951171875,220.08741760253906,18004600,0.06359299231421955,2535,7550,0.15437158469945356,-0.34581058833723244,1,
2020-03-17,245.8000030517578,257.0,237.82000732421875,255.38999938964844,234.08343505859375,18140900,-0.05567955240151612,2887,6896,0.1388560157790928,-0.08662251655629138,0,
2020-03-18,237.22000122070312,246.88999938964844,228.77999877929688,241.1699981689453,221.04977416992188,22014200,0.0036903458740620287,2893,6256,0.0020782819535849484,-0.09280742459396751,1,
2020-03-19,239.32000732421875,248.25,232.94000244140625,242.05999755859375,221.8655242919922,18324900,-0.045029982093067744,1968,6010,-0.31973729692360875,-0.039322250639386214,0,
2020-03-20,244.85000610351562,246.6999969482422,230.6999969482422,231.16000366210938,211.8749237060547,12619800,-0.028162531458323037,1822,4604,-0.07418699186991873,-0.23394342762063225,0,
2020-03-23,230.22999572753906,231.4600067138672,220.27999877929688,224.64999389648438,205.90798950195312,14473200,0.09450292884759626,1896,5326,0.040614709110867286,0.15682015638575142,1,
2020-03-24,236.99000549316406,246.35000610351562,235.97000122070312,245.8800048828125,225.3668975830078,12474400,0.012772412607073402,2715,4810,0.4319620253164558,-0.09688321441982728,1,
2020-03-25,245.57000732421875,257.20001220703125,240.49000549316406,247.47000122070312,228.24537658691406,11938200,0.060209626916554404,2593,4818,-0.04493554327808469,0.0016632016632016633,1,
2020-03-26,250.3300018310547,263.6300048828125,249.89999389648438,262.3699951171875,241.98794555664062,15886800,-0.03098684765584947,2693,4496,0.038565368299267266,-0.06683271066832708,0,
2020-03-27,254.0,261.6300048828125,251.77999877929688,254.24000549316406,234.489501953125,9514700,0.031938368130569605,2694,4454,0.00037133308577796953,-0.00934163701067614,1,
2020-03-30,256.5299987792969,263.20001220703125,254.3699951171875,262.3599853515625,241.9787139892578,9539800,-0.015093846339431893,2513,4313,-0.0671863400148478,-0.03165693758419397,0,
2020-03-31,261.3999938964844,264.1000061035156,257.0,258.3999938964844,238.32632446289062,9561000,-0.04489148248980057,2133,4292,-0.15121368881814568,-0.0048690006955715015,0,
2020-04-01,248.75999450683594,252.22000122070312,244.6199951171875,246.8000030517578,227.62750244140625,13680800,0.02345996687446328,2379,4497,0.11533052039381153,0.047763280521901263,1,
2020-04-02,245.9199981689453,253.47000122070312,245.44000244140625,252.58999633789062,232.96763610839844,7510800,-0.014133435491909152,2543,3861,0.06893652795292149,-0.1414276184122748,0,
2020-04-03,251.49000549316406,254.0500030517578,246.0,249.02000427246094,229.6750030517578,6419000,0.06738408718427169,1593,3849,-0.3735745182854896,-0.0031080031080030768,1,
2020-04-06,258.6300048828125,267.80999755859375,257.5400085449219,265.79998779296875,245.1514434814453,9644800,0.0004139112779619758,2188,3337,0.37350910232266155,-0.13302156404260845,1,
2020-04-07,275.07000732421875,276.0,265.70001220703125,265.9100036621094,245.25291442871094,11723100,0.03418444530372411,1855,3677,-0.15219378427787933,0.10188792328438723,1,
2020-04-08,268.75,276.25,266.3999938964844,275.0,253.63674926757812,5987700,0.014981887626157153,2257,3701,0.216711590296496,0.006527060103345139,1,
2020-04-09,278.6499938964844,282.07000732421875,276.3500061035156,279.1199951171875,257.43670654296875,11460300,-0.009601886556706796,1807,3938,-0.19937970757642887,0.06403674682518234,0,
2020-04-13,278.0,278.30999755859375,272.2900085449219,276.44000244140625,254.96482849121094,7569700,0.030350686366186652,1292,3665,-0.28500276701715554,-0.06932453021838492,1,
2020-04-14,281.8699951171875,285.79998779296875,280.79998779296875,284.8299865722656,262.70318603515625,8106500,-0.021978081976632202,1733,3631,0.34133126934984515,-0.009276944065484294,0,
2020-04-15,278.44000244140625,280.4599914550781,276.30999755859375,278.57000732421875,256.9294738769531,6012100,0.005312822742192802,1668,3529,-0.03750721292556258,-0.028091434866427956,1,
2020-04-16,280.0199890136719,280.8999938964844,276.6199951171875,280.04998779296875,258.29449462890625,6360000,0.02688782359306008,2138,3612,0.28177458033573144,0.02351941059790308,1,
2020-04-17,286.2900085449219,288.2200012207031,283.30999755859375,287.5799865722656,265.2394714355469,7982800,-0.01780364354652153,2142,3422,0.00187090739008422,-0.052602436323366586,0,
2020-04-20,283.510009765625,287.2099914550781,282.260009765625,282.4599914550781,260.5172424316406,5692100,-0.030447205799853827,1750,4010,-0.18300653594771243,0.17182933956750435,0,
2020-04-21,277.6099853515625,278.9100036621094,272.9200134277344,273.8599853515625,252.58522033691406,8689400,0.022639846436613542,1540,3974,-0.12,-0.008977556109725726,1,
2020-04-22,279.19000244140625,281.92999267578125,277.79998779296875,280.05999755859375,258.3037109375,7196100,-0.00028544099688854185,1224,3777,-0.20519480519480515,-0.04957221942627077,0,
2020-04-23,281.3500061035156,284.80999755859375,279.6700134277344,279.9800109863281,258.22998046875,7300700,0.014000529445689303,1194,3621,-0.02450980392156865,-0.0413026211278793,1,
2020-04-24,281.6000061035156,284.5799865722656,279.3900146484375,283.8999938964844,261.8453369140625,5011300,0.015110928156484071,1381,3362,0.1566164154103853,-0.07152720243026789,1,
2020-04-27,286.0299987792969,289.20001220703125,285.54998779296875,288.19000244140625,265.80206298828125,5334600,-0.005378078629112326,2300,3591,0.6654598117306301,0.06811421772754311,0,
2020-04-28,291.989990234375,292.3599853515625,286.3500061035156,286.6400146484375,264.37255859375,6904700,0.026130329587115808,2016,3421,-0.12347826086956526,-0.04734057365636313,1,
2020-04-29,292.5,295.8399963378906,291.3800048828125,294.1300048828125,271.28070068359375,7104800,-0.010097503455267609,1307,3564,-0.3516865079365079,0.04180064308681675,0,
2020-04-30,292.6600036621094,293.17999267578125,289.5400085449219,291.1600036621094,268.54144287109375,11243800,-0.02620583787882269,1592,3389,0.2180566182096404,-0.049102132435465795,0,
2020-05-01,286.19000244140625,286.92999267578125,282.44000244140625,283.5299987792969,261.50408935546875,6341200,0.003879697970560203,1633,3424,0.025753768844221092,0.010327530244909955,1,
2020-05-04,281.54998779296875,284.8599853515625,280.1000061035156,284.6300048828125,262.5186462402344,4756600,0.008818663015822237,2186,3357,0.33864053888548673,-0.019567757009345765,1,
2020-05-05,287.5299987792969,290.20001220703125,286.6700134277344,287.1400146484375,264.8337097167969,5939700,-0.006582223169181223,2000,3207,-0.08508691674290947,-0.04468275245755138,0,
2020-05-06,289.0199890136719,289.3900146484375,285.05999755859375,285.25,263.09051513671875,3434800,0.011849274151920719,1796,3154,-0.10199999999999998,-0.016526348612410313,1,
2020-05-07,288.70001220703125,290.70001220703125,288.0899963378906,288.6300048828125,266.20794677734375,3779000,0.01673407005902261,1783,3146,-0.007238307349665907,-0.0025364616360177283,1,
2020-05-08,292.05999755859375,293.8699951171875,290.80999755859375,293.4599914550781,270.6626892089844,4342000,-3.40509015878121e-05,1600,2981,-0.10263600673022999,-0.05244755244755239,0,
2020-05-11,291.2099914550781,294.989990234375,290.8699951171875,293.45001220703125,270.6534729003906,6128100,-0.020378354480377392,1814,3013,0.13375000000000004,0.010734652801073441,0,
2020-05-12,294.7300109863281,295.1700134277344,287.4599914550781,287.4700012207031,265.13800048828125,4748800,-0.017149663871330323,1252,3110,-0.3098125689084895,0.03219382675074667,0,
2020-05-13,286.9599914550781,288.1199951171875,279.8699951171875,282.5400085449219,260.5909729003906,8599000,0.011963281608189158,1625,3294,0.29792332268370614,0.05916398713826365,1,
2020-05-14,279.8399963378906,286.0199890136719,275.0,285.9200134277344,263.70849609375,8721000,0.0043365504791001985,1541,3206,-0.051692307692307704,-0.02671523982999391,1,
2020-05-15,283.3399963378906,287.2300109863281,282.25,287.1600036621094,264.8520812988281,7109700,0.03092373684317873,1322,3009,-0.14211550940947437,-0.061447286338116025,1,
2020-05-18,294.0899963378906,297.70001220703125,293.69000244140625,296.0400085449219,273.04229736328125,6010600,-0.010303172554082085,1020,2782,-0.22844175491679275,-0.0754403456297773,0,
2020-05-19,295.3399963378906,297.1700134277344,292.9200134277344,292.989990234375,270.2290954589844,5323900,0.01706564310903813,1253,2945,0.22843137254901968,0.05859094176851176,1,
2020-05-20,296.80999755859375,298.8699951171875,296.6000061035156,297.989990234375,274.8407287597656,3890100,-0.007315582833230527,1239,2784,-0.011173184357541888,-0.054668930390492365,0,
2020-05-21,297.7900085449219,298.6600036621094,294.69000244140625,295.80999755859375,272.8301086425781,3865500,0.002028389624855409,1101,2825,-0.11138014527845042,0.014727011494252817,1,
2020-05-22,295.5199890136719,296.6199951171875,294.2099914550781,296.4100036621094,273.3835144042969,3699100,0.012685540259008699,675,2596,-0.38692098092643057,-0.08106194690265489,1,
2020-05-26,302.989990234375,303.20001220703125,299.7099914550781,300.1700134277344,276.8515319824219,7299600,0.014591367095056818,1343,2801,0.9896296296296296,0.07896764252696453,1,
2020-05-27,303.1600036621094,304.6099853515625,297.9100036621094,304.54998779296875,280.89117431640625,6809200,-0.0019700698873410527,1743,2877,0.2978406552494415,0.027133166726169167,0,
2020-05-28,305.82000732421875,307.9100036621094,303.29998779296875,303.95001220703125,280.3377990722656,5877200,0.004046653485169749,1722,2808,-0.012048192771084376,-0.023983315954118845,1,
2020-05-29,303.4700012207031,305.989990234375,300.5799865722656,305.17999267578125,281.47222900390625,7085400,0.0049152785310044855,1602,2607,-0.06968641114982577,-0.07158119658119655,1,
2020-06-01,304.6400146484375,307.25,304.1000061035156,306.67999267578125,282.8557434082031,6471000,0.008314832730708321,1226,2690,-0.23470661672908866,0.031837360951284976,1,
2020-06-02,307.6499938964844,309.2300109863281,306.1700134277344,309.2300109863281,285.2076416015625,3188000,0.013452840904956798,822,2570,-0.32952691680261015,-0.044609665427509326,1,
2020-06-03,311.3299865722656,314.32000732421875,311.0199890136719,313.3900146484375,289.04449462890625,4870400,-0.0033506098880736745,687,2791,-0.16423357664233573,0.0859922178988326,0,
2020-06-04,312.17999267578125,314.1199951171875,310.1700134277344,312.3399963378906,288.0760192871094,6997200,0.026061172656897558,754,2783,0.09752547307132464,-0.002866356144750948,1,
2020-06-05,318.3800048828125,322.45001220703125,318.32000732421875,320.4800109863281,295.5836181640625,7160800,0.012231970400851333,789,2800,0.04641909814323597,0.006108515989939001,1,
2020-06-08,321.2300109863281,324.54998779296875,320.80999755859375,324.3999938964844,299.1991882324219,3822900,-0.007367689569294011,830,3155,0.05196451204055763,0.12678571428571428,0,
2020-06-09,321.4700012207031,323.5400085449219,320.5199890136719,322.010009765625,296.9947814941406,4326400,-0.005900477038201624,889,3156,0.07108433734939767,0.000316957210776625,0,
2020-06-10,322.6000061035156,323.55999755859375,319.3999938964844,320.1099853515625,295.24237060546875,6002800,-0.05785496762520692,940,2965,0.057367829021372385,-0.06051964512040553,0,
2020-06-11,312.57000732421875,313.1000061035156,301.0799865722656,301.5899963378906,278.1611328125,7901500,0.012500351077984861,882,3332,-0.0617021276595745,0.12377740303541307,1,
2020-06-12,309.2900085449219,310.1400146484375,299.6199951171875,305.3599853515625,281.63824462890625,7851700,0.00917808554640609,961,3153,0.08956916099773249,-0.05372148859543813,1,
2020-06-15,297.7900085449219,308.04998779296875,296.489990234375,306.8900146484375,284.22314453125,6281200,0.01922515285463211,739,2671,-0.23100936524453697,-0.1528702822708532,1,
2020-06-16,315.3900146484375,315.5,307.510009765625,312.7900085449219,289.6873779296875,5248800,-0.004507886035213571,880,2604,0.1907983761840324,-0.02508423811306626,0,
2020-06-17,313.94000244140625,314.20001220703125,310.69000244140625,311.3800048828125,288.3815002441406,3532000,0.0007705018738719538,932,2660,0.05909090909090908,0.021505376344086002,1,
2020-06-18,309.82000732421875,312.1300048828125,309.3599853515625,311.6199951171875,288.60369873046875,4008900,-0.006097092873126542,991,2514,0.06330472103004281,-0.05488721804511276,0,
2020-06-19,315.3299865722656,315.6000061035156,308.3800048828125,309.7200012207031,286.84405517578125,3833900,0.007167869627821455,880,2555,-0.11200807265388502,0.016308671439936306,1,
2020-06-22,309.1700134277344,312.239990234375,307.95001220703125,311.94000244140625,288.9001159667969,4186200,0.004071332723967869,1089,2673,0.23750000000000004,0.046183953033268166,1,
2020-06-23,314.70001220703125,315.75,312.8699951171875,313.2099914550781,290.0763244628906,3794900,-0.025254752098872846,985,2488,-0.09550045913682281,-0.06921062476618034,0,
2020-06-24,311.0400085449219,311.7300109863281,303.3599853515625,305.29998779296875,282.7505187988281,5060800,0.010481514152629101,877,2533,-0.1096446700507614,0.01808681672025725,1,
2020-06-25,304.6600036621094,308.8299865722656,302.44000244140625,308.5,285.71417236328125,6432400,-0.02385689728209428,674,2377,-0.23147092360319266,-0.06158705092775363,0,
2020-06-26,307.3500061035156,307.55999755859375,300.6199951171875,301.1400146484375,278.8979187011719,4969000,0.01500942069019695,677,2367,0.004451038575667754,-0.0042069835927639465,1,
2020-06-29,302.55999755859375,305.6600036621094,300.1099853515625,305.6600036621094,283.0840148925781,4065200,0.013184316636619897,1079,2437,0.5937961595273265,0.029573299535276654,1,
2020-06-30,305.17999267578125,311.4100036621094,305.04998779296875,309.69000244140625,286.8162841796875,5475500,0.00684563621281753,1159,2272,0.07414272474513428,-0.06770619614279849,1,
2020-07-01,310.739990234375,313.0899963378906,310.25,311.80999755859375,288.77972412109375,4022800,0.00525947363626611,1092,2309,-0.05780845556514236,0.016285211267605737,1,
2020-07-02,315.489990234375,316.9100036621094,312.7200012207031,313.45001220703125,290.2985534667969,3496500,0.015345593057894513,785,2421,-0.28113553113553114,0.04850584668687752,1,
2020-07-06,317.6700134277344,318.6499938964844,316.79998779296875,318.260009765625,294.75335693359375,4464500,-0.010305971603393416,685,2708,-0.1273885350318471,0.1185460553490294,0,
2020-07-07,316.5899963378906,318.75,314.6000061035156,314.9800109863281,291.71563720703125,2861700,0.007460661424940618,839,2555,0.22481751824817509,-0.05649926144756279,1,
2020-07-08,315.8299865722656,317.5400085449219,313.94000244140625,317.3299865722656,293.89202880859375,3686000,-0.005073697952307388,960,2531,0.14421930870083433,-0.009393346379647727,0,
2020-07-09,318.2099914550781,318.3299865722656,311.8900146484375,315.7200012207031,292.4009094238281,3307500,0.010072230624503131,997,2711,0.038541666666666696,0.07111813512445675,1,
2020-07-10,315.4800109863281,319.1400146484375,314.0,318.8999938964844,295.3460388183594,2754700,-0.008874240163076696,771,2477,-0.22668004012036114,-0.08631501291036514,0,
2020-07-13,321.3500061035156,323.9700012207031,315.3800048828125,316.07000732421875,292.7250671386719,5091400,0.012971935510943222,790,2691,0.024643320363164634,0.08639483245861923,1,
2020-07-14,314.5199890136719,320.5899963378906,313.239990234375,320.1700134277344,296.52227783203125,7143600,0.009338500656927762,774,2626,-0.020253164556962022,-0.024154589371980673,1,
2020-07-15,323.69000244140625,324.32000732421875,320.5299987792969,323.1600036621094,299.2913513183594,3892300,-0.0034656245185287204,829,2636,0.07105943152454786,0.0038080731150038627,0,
2020-07-16,321.04998779296875,322.5,320.3500061035156,322.0400085449219,298.2541198730469,2390900,0.002949804214406493,812,2717,-0.020506634499396825,0.030728376327769258,1,
2020-07-17,323.1499938964844,323.8500061035156,321.010009765625,322.989990234375,299.1339111328125,2251300,0.008266561382245685,1079,2611,0.3288177339901477,-0.039013617960986346,1,
2020-07-20,322.69000244140625,326.3599853515625,321.8999938964844,325.6600036621094,301.6067199707031,2354200,0.0018118902375168222,1853,2636,0.7173308619091752,0.009574875526618065,1,
2020-07-21,327.75,328.2200012207031,325.260009765625,326.25,302.1531982421875,3105700,0.005885088268243965,1793,2640,-0.03237992444684301,0.0015174506828528056,1,
2020-07-22,325.9100036621094,330.05999755859375,325.7900085449219,328.1700134277344,303.931396484375,3177200,-0.012097328064917479,839,2812,-0.532069157836029,0.06515151515151518,0,
2020-07-23,327.7200012207031,328.5199890136719,322.75,324.20001220703125,300.254638671875,3024200,-0.00638516461044214,853,3303,0.016686531585220488,0.17460881934566141,0,
2020-07-24,322.20001220703125,323.2699890136719,320.54998779296875,322.1300048828125,298.33746337890625,3421400,0.007357260010871558,655,2955,-0.23212192262602582,-0.10535876475930972,1,
2020-07-27,322.8900146484375,324.69000244140625,322.05999755859375,324.5,300.53240966796875,3434000,-0.0061631751755663045,831,2942,0.26870229007633584,-0.004399323181049075,0,
2020-07-28,323.6700134277344,324.92999267578125,322.1400146484375,322.5,298.68017578125,2513100,0.012030976937928317,861,3029,0.036101083032491044,0.02957171991842289,1,
2020-07-29,323.4100036621094,327.0199890136719,323.3599853515625,326.3800048828125,302.2735900878906,2339500,-0.003431735461061125,753,2882,-0.12543554006968638,-0.04853086827335751,0,
2020-07-30,323.19000244140625,325.7099914550781,320.8999938964844,325.260009765625,301.23626708984375,3287200,0.007870702903784998,839,3086,0.11420982735723761,0.0707841776544067,1,
2020-07-31,327.2099914550781,327.8900146484375,322.6300048828125,327.82000732421875,303.6072082519531,4683200,0.006985605312747056,891,2668,0.06197854588796181,-0.135450421257291,1,
2020-08-03,329.6600036621094,330.92999267578125,329.05999755859375,330.1099853515625,305.72808837890625,2832300,0.0036045764375634004,832,2602,-0.06621773288439958,-0.02473763118440775,1,
2020-08-04,329.19000244140625,331.3999938964844,329.19000244140625,331.29998779296875,306.8301086425781,3581600,0.00648981933834869,840,2848,0.009615384615384581,0.09454265949269791,1,
2020-08-05,332.8299865722656,333.70001220703125,332.5199890136719,333.45001220703125,308.8213806152344,2433200,0.006777437410438569,761,2650,-0.09404761904761905,-0.0695224719101124,1,
2020-08-06,332.8500061035156,335.80999755859375,332.4800109863281,335.7099914550781,310.9143981933594,3301100,0.0007151520660051425,870,2685,0.14323258869908018,0.013207547169811429,1,
2020-08-07,334.6000061035156,336.17999267578125,333.6499938964844,335.95001220703125,311.1367492675781,3050200,0.003006474827835337,812,2676,-0.06666666666666665,-0.003351955307262622,1,
2020-08-10,336.4200134277344,337.1499938964844,334.3299865722656,336.9599914550781,312.0721740722656,2222100,-0.00836907481052429,749,2801,-0.07758620689655171,0.046711509715994026,0,
2020-08-11,338.239990234375,338.8800048828125,333.3800048828125,334.1400146484375,309.4604187011719,3603700,0.013946394022562592,698,3056,-0.06809078771695598,0.09103891467333103,1,
2020-08-12,336.8500061035156,339.6400146484375,336.79998779296875,338.79998779296875,313.7762756347656,2907300,-0.0017119535537527542,652,3071,-0.06590257879656158,0.004908376963350891,0,
2020-08-13,338.0,339.6199951171875,337.17999267578125,338.2200012207031,313.2391052246094,2643200,-8.87549262150733e-05,710,2887,0.08895705521472386,-0.05991533702377072,0,
2020-08-14,337.760009765625,338.7900085449219,337.04998779296875,338.19000244140625,313.2113037109375,1716000,0.003223034912330336,667,2525,-0.06056338028169017,-0.12538967786629718,1,
2020-08-17,339.32000732421875,339.7200012207031,338.8699951171875,339.2799987792969,314.2207946777344,1642600,0.002122103607799408,558,2755,-0.1634182908545727,0.09108910891089117,1,
2020-08-18,339.7200012207031,340.4599914550781,337.9800109863281,340.0,314.8876037597656,1634600,-0.00405902675040315,647,2939,0.15949820788530467,0.06678765880217785,0,
2020-08-19,340.3999938964844,341.0,338.0199890136719,338.6199951171875,313.6094665527344,1911500,0.003071517089473952,596,2998,-0.07882534775888717,0.02007485539299081,1,
2020-08-20,336.7300109863281,340.1499938964844,336.5899963378906,339.6600036621094,314.5727233886719,1804700,0.0035033259380481407,535,3023,-0.1023489932885906,0.008338892595063374,1,
2020-08-21,339.2300109863281,341.04998779296875,338.95001220703125,340.8500061035156,315.6747741699219,2063000,0.010268530711093238,536,2840,0.0018691588785046953,-0.06053589149851146,1,
2020-08-24,343.5199890136719,344.4200134277344,342.45001220703125,344.3500061035156,318.9162902832031,2084000,0.0033105431267714813,582,2927,0.08582089552238803,0.030633802816901312,1,
2020-08-25,344.9599914550781,345.6000061035156,343.7099914550781,345.489990234375,319.9720764160156,4004400,0.010159425342005424,628,3115,0.07903780068728516,0.06422958660744782,1,
2020-08-26,346.1099853515625,349.2699890136719,345.5799865722656,349.0,323.2228088378906,3674800,0.0021778118306752248,642,2967,0.022292993630573354,-0.04751203852327446,1,
2020-08-27,349.6600036621094,351.32000732421875,347.9800109863281,349.760009765625,323.9267272949219,3767600,0.0064042999572939685,615,2966,-0.04205607476635509,-0.0003370407819346388,1,
2020-08-28,350.8900146484375,352.19000244140625,349.6600036621094,352.0,326.0012512207031,2520700,-0.0034942492840331907,557,2926,-0.09430894308943094,-0.013486176668914385,0,
2020-08-31,351.80999755859375,352.7699890136719,350.510009765625,350.7699890136719,324.86212158203125,5757700,0.009379354710466359,599,2977,0.07540394973070019,0.017429938482570018,1,
2020-09-01,351.67999267578125,354.17999267578125,350.70001220703125,354.05999755859375,327.90911865234375,3698900,0.01463006818287993,587,3035,-0.02003338898163609,0.01948270070540814,1,
2020-09-02,356.17999267578125,360.260009765625,354.92999267578125,359.239990234375,332.7064514160156,3596600,-0.03457261772360898,604,3163,0.028960817717206044,0.04217462932454685,0,
2020-09-03,357.3800048828125,357.8800048828125,344.0199890136719,346.82000732421875,321.20391845703125,7771400,-0.008188720225059676,691,3572,0.14403973509933765,0.12930761934871948,0,
2020-09-04,347.6000061035156,349.2900085449219,336.260009765625,343.9800109863281,318.57366943359375,5359400,-0.027181569307929476,598,3649,-0.13458755426917512,0.02155655095184761,0,
2020-09-08,338.04998779296875,339.3999938964844,334.2300109863281,334.6300048828125,309.9143371582031,5003500,0.01957337828338046,737,3135,0.2324414715719063,-0.1408605097286928,1,
2020-09-09,338.9800109863281,343.8900146484375,337.9800109863281,341.17999267578125,315.98040771484375,5378500,-0.01746843697623135,665,3199,-0.09769335142469471,0.020414673046251997,0,
2020-09-10,343.260009765625,343.9100036621094,334.2099914550781,335.2200012207031,310.4607238769531,5060200,0.0004771370831353483,617,3116,-0.07218045112781957,-0.025945608002500786,1,
2020-09-11,337.1199951171875,338.2699890136719,332.3500061035156,335.3800048828125,310.6088562011719,3490200,0.01329805342506818,558,2996,-0.09562398703403563,-0.038510911424903704,1,
2020-09-14,338.8599853515625,341.6600036621094,338.32000732421875,339.8399963378906,314.7393493652344,2830700,0.005090766081611076,528,2926,-0.053763440860215006,-0.02336448598130836,1,
2020-09-15,342.5199890136719,343.4200134277344,340.4100036621094,341.57000732421875,316.34161376953125,2553900,-0.003981716172343108,584,2770,0.10606060606060597,-0.05331510594668487,0,
2020-09-16,342.95001220703125,344.4700012207031,339.95001220703125,340.2099914550781,315.08203125,2449700,-0.008582698732968796,528,2811,-0.09589041095890416,0.014801444043321288,0,
2020-09-17,334.94000244140625,339.010009765625,334.3399963378906,337.2900085449219,312.3777770996094,3097900,-0.011711025650168794,573,2770,0.08522727272727271,-0.014585556741373185,0,
2020-09-18,338.1700134277344,338.2099914550781,330.6400146484375,333.3399963378906,308.7195129394531,3204600,-0.011130056668954391,549,2641,-0.041884816753926746,-0.04657039711191335,0,
2020-09-21,328.4200134277344,329.739990234375,324.3500061035156,329.6300048828125,305.283447265625,6177800,0.010132925104023194,526,3395,-0.041894353369763215,0.28549791745550923,1,
2020-09-22,331.2300109863281,333.57000732421875,328.5,332.9700012207031,308.3768615722656,2864800,-0.023272784778621602,537,2872,0.02091254752851701,-0.1540500736377025,0,
2020-09-23,332.0899963378906,332.3800048828125,323.2200012207031,323.75,301.2000732421875,4366100,0.0026255040161204946,536,2695,-0.0018621973929237035,-0.0616295264623955,1,
2020-09-24,322.32000732421875,327.8999938964844,320.9200134277344,324.6000061035156,301.9908752441406,4232100,0.01626636061933162,518,2732,-0.03358208955223885,0.013729128014842384,1,
2020-09-25,323.739990234375,330.7099914550781,322.75,329.8800048828125,306.9031677246094,4178300,0.016611971259082203,470,2424,-0.0926640926640927,-0.11273792093704249,1,
2020-09-28,334.3599853515625,336.1000061035156,333.30999755859375,335.3599853515625,312.0014343261719,3411200,-0.0055162225124204545,423,2509,-0.09999999999999998,0.03506600660066006,0,
2020-09-29,335.2099914550781,335.8999938964844,332.7799987792969,333.510009765625,310.2803649902344,2536400,0.007645712461372467,439,2501,0.0378250591016549,-0.0031885213232363263,1,
2020-09-30,334.3399963378906,339.4700012207031,334.1000061035156,336.05999755859375,312.6526794433594,4750900,0.006487064962304112,439,2476,0.0,-0.009996001599360205,1,
2020-10-01,338.8299865722656,339.8699951171875,336.17999267578125,338.239990234375,314.6808776855469,3381600,-0.009431445372979574,470,2275,0.07061503416856496,-0.08117932148626816,0,
2020-10-02,332.82000732421875,337.0899963378906,332.3900146484375,335.04998779296875,311.7129821777344,4092600,0.017460379465433107,484,2617,0.029787234042553123,0.15032967032967037,1,
2020-10-05,337.2099914550781,341.1199951171875,337.20001220703125,340.8999938964844,317.1556091308594,3208500,-0.014197856061382352,477,2651,-0.01446280991735538,0.012991975544516698,0,
2020-10-06,341.1300048828125,343.3500061035156,335.55999755859375,336.05999755859375,312.6526794433594,3934700,0.017377740152931143,537,2812,0.12578616352201255,0.060731799321011026,1,
2020-10-07,339.2799987792969,342.79998779296875,339.2799987792969,341.8999938964844,318.08587646484375,3122000,0.009008793789296421,722,3006,0.34450651769087526,0.06899004267425313,1,
2020-10-08,344.07000732421875,345.0299987792969,343.05999755859375,344.9800109863281,320.9514465332031,4166900,0.008783070584144514,666,2595,-0.07756232686980613,-0.13672654690618757,1,
2020-10-09,346.7900085449219,348.5400085449219,346.0899963378906,348.010009765625,323.7703857421875,3377000,0.016321328403322788,684,2759,0.027027027027026973,0.06319845857418116,1,
2020-10-12,350.7799987792969,355.25,350.2799987792969,353.69000244140625,329.05474853515625,2301100,-0.006502686862170481,674,2943,-0.014619883040935644,0.0666908300108735,0,
2020-10-13,353.510009765625,353.6000061035156,350.3299865722656,351.3900146484375,326.9150085449219,2664600,-0.006261090585997442,751,3125,0.1142433234421365,0.061841658171933434,0,
2020-10-14,351.95001220703125,353.0899963378906,348.3699951171875,349.19000244140625,324.8681640625,2368800,-0.0012310620293688457,687,4394,-0.08521970705725701,0.40608,0,
2020-10-15,344.9200134277344,349.239990234375,344.30999755859375,348.760009765625,324.4682312011719,3019600,-0.0008889996637564401,719,3645,0.04657933042212514,-0.17045971779699587,0,
2020-10-16,350.2699890136719,351.9700012207031,348.3399963378906,348.45001220703125,324.1797790527344,2768000,-0.015009334235675742,693,2953,-0.03616133518776077,-0.18984910836762692,0,
2020-10-19,349.8800048828125,350.5199890136719,342.29998779296875,343.2200012207031,319.3140563964844,2973400,0.003933373492812864,668,3172,-0.03607503607503604,0.07416186928547241,1,
2020-10-20,344.6700134277344,348.1000061035156,343.8900146484375,344.57000732421875,320.5700378417969,2816200,-0.0019446064658950046,666,3527,-0.0029940119760478723,0.11191677175283732,0,
2020-10-21,344.5199890136719,346.7900085449219,343.6300048828125,343.8999938964844,319.9466552734375,3689200,0.005699249485788371,708,3528,0.06306306306306309,0.0002835270768357656,1,
2020-10-22,344.20001220703125,346.45001220703125,341.8800048828125,345.8599853515625,321.7701110839844,2460100,0.003180363595046698,660,3566,-0.06779661016949157,0.010770975056689336,1,
2020-10-23,347.1600036621094,347.19000244140625,344.3599853515625,346.9599914550781,322.79345703125,1796600,-0.018359323592721633,614,3013,-0.0696969696969697,-0.1550757150869322,0,
2020-10-26,343.32000732421875,344.19000244140625,336.80999755859375,340.5899963378906,316.8671875,4327200,-0.0034055326807860276,956,4110,0.5570032573289903,0.36408894789246604,0,
2020-10-27,340.92999267578125,341.29998779296875,339.1600036621094,339.42999267578125,315.7880859375,4227600,-0.03402809346655655,860,3977,-0.10041841004184104,-0.03236009732360101,0,
2020-10-28,333.239990234375,334.0,327.29998779296875,327.8800048828125,305.04241943359375,7096200,0.009973458401321356,991,4170,0.1523255813953488,0.048529041991450805,1,
2020-10-29,328.1000061035156,334.5400085449219,326.260009765625,331.1499938964844,308.0847473144531,5163500,-0.010659888873271073,749,4443,-0.24419778002018167,0.06546762589928057,0,
2020-10-30,329.4200134277344,330.82000732421875,323.7200012207031,327.6199951171875,304.80059814453125,6632500,0.011415534257816606,702,4088,-0.06275033377837114,-0.0799009678145397,1,
2020-11-02,331.3800048828125,333.5299987792969,328.3800048828125,331.3599853515625,308.2800598144531,4658500,0.017865965611206347,630,4135,-0.10256410256410253,0.011497064579256255,1,
2020-11-03,334.8599853515625,339.42999267578125,334.3500061035156,337.2799987792969,313.78778076171875,6559400,0.022088370599360196,708,4107,0.12380952380952381,-0.006771463119709775,1,
2020-11-04,342.07000732421875,349.19000244140625,340.739990234375,344.7300109863281,320.7188415527344,6499100,0.019551607312179753,541,4425,-0.23587570621468923,0.0774287801314828,1,
2020-11-05,350.5400085449219,353.45001220703125,350.1300048828125,351.4700012207031,326.9894104003906,6900500,-8.548931761509504e-05,626,4114,0.15711645101663585,-0.07028248587570618,0,
2020-11-06,351.1700134277344,352.760009765625,348.95001220703125,351.44000244140625,326.9614562988281,2871800,0.01249156117493655,561,4013,-0.10383386581469645,-0.02455031599416624,1,
2020-11-09,365.2900085449219,365.69000244140625,355.3399963378906,355.8299865722656,331.04571533203125,9109200,-0.00129280789873909,1008,4909,0.7967914438502675,0.22327435833540998,0,
2020-11-10,354.7699890136719,356.4200134277344,351.8699951171875,355.3699951171875,330.61773681640625,5174100,0.007203829685973773,960,4495,-0.04761904761904767,-0.08433489509064984,1,
2020-11-11,357.6600036621094,358.8599853515625,356.42999267578125,357.92999267578125,332.99945068359375,2485800,-0.009526998753451088,919,4087,-0.04270833333333335,-0.09076751946607342,0,
2020-11-12,356.8500061035156,357.69000244140625,352.5400085449219,354.5199890136719,329.82696533203125,3787800,0.013595866677399648,845,3791,-0.0805223068552775,-0.07242476143870813,1,
2020-11-13,356.5199890136719,360.19000244140625,355.989990234375,359.3399963378906,334.3112487792969,2685300,0.012411372604900217,843,3565,-0.002366863905325478,-0.05961487734107096,1,
2020-11-16,362.3399963378906,363.8699951171875,360.92999267578125,363.79998779296875,338.46051025390625,3332400,-0.005085173362773032,834,3970,-0.010676156583629859,0.1136044880785414,0,
2020-11-17,361.2699890136719,363.239990234375,359.69000244140625,361.95001220703125,336.7393798828125,2656600,-0.012045738207019707,1313,4220,0.5743405275779376,0.06297229219143574,0,
2020-11-18,362.2099914550781,362.82000732421875,357.5299987792969,357.5899963378906,332.68310546875,3179100,0.004054723447349584,1005,4143,-0.2345773038842346,-0.018246445497630326,1,
2020-11-19,356.8500061035156,359.5,355.489990234375,359.0400085449219,334.03204345703125,3321600,-0.006712218157459593,1031,4160,0.025870646766169125,0.004103306782524685,0,
2020-11-20,358.7900085449219,359.0400085449219,356.5299987792969,356.6300048828125,331.7899475097656,2697500,0.006000684504814391,855,3715,-0.17070805043646942,-0.10697115384615385,1,
2020-11-23,358.6499938964844,360.04998779296875,356.1700134277344,358.7699890136719,333.7809143066406,2728500,0.015999147141263714,824,4309,-0.03625730994152043,0.15989232839838485,1,
2020-11-24,361.5199890136719,365.1000061035156,360.6000061035156,364.510009765625,339.1211242675781,3756800,-0.0014267046461310384,929,4429,0.12742718446601953,0.027848688790902854,0,
2020-11-25,364.3999938964844,364.4800109863281,362.79998779296875,363.989990234375,338.6372985839844,3826500,0.0027198747132759493,859,4326,-0.07534983853606025,-0.023255813953488413,1,
2020-11-27,365.19000244140625,365.5199890136719,363.9700012207031,364.9800109863281,339.558349609375,1354600,-0.0045480903143516604,669,3785,-0.22118742724097784,-0.12505779010633378,0,
2020-11-30,364.17999267578125,364.3900146484375,360.5,363.32000732421875,338.0140075683594,4093400,0.011009437215077522,1034,4313,0.5455904334828101,0.13949801849405552,1,
2020-12-01,366.8999938964844,368.989990234375,366.2699890136719,367.32000732421875,341.7353515625,3708500,0.002123775136667394,995,4004,-0.03771760154738879,-0.07164386737769535,1,
2020-12-02,366.1600036621094,368.2699890136719,365.54998779296875,368.1000061035156,342.46112060546875,4121900,-0.00019043348435532348,818,4119,-0.17788944723618094,0.02872127872127872,0,
2020-12-03,368.0199890136719,369.5299987792969,366.8800048828125,368.0299987792969,342.3959045410156,3068500,0.008586380173533303,897,4277,0.09657701711491451,0.03835882495751397,1,
2020-12-04,368.67999267578125,371.20001220703125,368.6199951171875,371.19000244140625,345.3358459472656,4091800,-0.0018587897717958768,724,3826,-0.1928651059085842,-0.10544774374561605,0,
2020-12-07,370.42999267578125,370.989990234375,369.1199951171875,370.5,344.6939392089844,3162300,0.0027800081293103407,1309,4307,0.8080110497237569,0.12571876633559853,1,
2020-12-08,369.07000732421875,372.1600036621094,369.05999755859375,371.5299987792969,345.6521911621094,3491100,-0.008747757769042797,2046,3991,0.5630252100840336,-0.07336893429301139,0,
2020-12-09,372.2799987792969,372.4200134277344,367.3299865722656,368.2799987792969,342.6285095214844,3758200,-0.0005430536825087318,1356,4012,-0.3372434017595308,0.005261839138060553,0,
2020-12-10,366.75,369.2099914550781,365.80999755859375,368.0799865722656,342.44244384765625,3151100,-0.001249604095977963,1214,4074,-0.10471976401179939,0.015453639082751769,0,
2020-12-11,366.2699890136719,367.92999267578125,364.6199951171875,367.6199951171875,342.0145263671875,4501600,-0.004535415483640226,940,3844,-0.22570016474464583,-0.05645557191948947,0,
2020-12-14,368.44000244140625,369.57000732421875,364.2099914550781,364.3500061035156,340.4633483886719,3797600,0.013613201434202749,910,4016,-0.03191489361702127,0.04474505723205002,1,
2020-12-15,367.1400146484375,369.3500061035156,365.69000244140625,369.30999755859375,345.09814453125,8472400,0.0015975166994217638,806,4468,-0.11428571428571432,0.11254980079681265,1,
2020-12-16,369.6199951171875,370.9100036621094,368.6300048828125,369.8999938964844,345.6494445800781,5512900,0.005568926177714317,724,4024,-0.1017369727047146,-0.09937332139659805,1,
2020-12-17,371.69000244140625,372.20001220703125,369.8699951171875,371.9599914550781,347.5743408203125,6485600,-0.003952037154821286,689,3772,-0.048342541436464104,-0.062624254473161,0,
2020-12-18,372.3599853515625,372.4800109863281,368.3599853515625,370.489990234375,346.2007141113281,6697600,-0.003292665350587809,779,3540,0.13062409288824384,-0.06150583244962882,0,
2020-12-21,366.29998779296875,370.1400146484375,363.3800048828125,369.2699890136719,345.060791015625,5221600,-0.0019227109127198938,790,3695,0.01412066752246477,0.043785310734463234,0,
2020-12-22,369.489990234375,369.6700134277344,367.4200134277344,368.55999755859375,344.3973388671875,3431600,0.0008683044678292617,775,3449,-0.01898734177215189,-0.06657645466847095,1,
2020-12-23,369.6300048828125,370.9599914550781,368.70001220703125,368.8800048828125,344.6963806152344,3234300,0.003876401713995614,728,3412,-0.0606451612903226,-0.01072774717309366,1,
2020-12-24,369.4200134277344,370.3599853515625,368.80999755859375,370.30999755859375,346.0325622558594,2040700,0.00869554480877377,559,3122,-0.2321428571428571,-0.08499413833528724,1,
2020-12-28,373.1499938964844,373.94000244140625,372.44000244140625,373.5299987792969,349.04150390625,2342800,-0.0019277121917303797,687,3677,0.22898032200357776,0.1777706598334401,0,
2020-12-29,375.1499938964844,375.3999938964844,372.20001220703125,372.80999755859375,348.36865234375,5401600,0.0013143712532885932,738,3659,0.07423580786026207,-0.004895295077508854,1,
2020-12-30,373.739990234375,374.42999267578125,372.95001220703125,373.29998779296875,348.8265380859375,2727500,0.005599042128901166,645,3333,-0.1260162601626016,-0.08909538125170813,1,
2020-12-31,373.20001220703125,376.0400085449219,372.6000061035156,375.3900146484375,350.7796325683594,4712800,-0.013772509216921969,607,3142,-0.058914728682170514,-0.05730573057305732,0,
2021-01-04,376.69000244140625,376.82000732421875,366.1600036621094,370.2200012207031,345.9485168457031,7103700,0.006617566044441858,835,4285,0.3756177924217463,0.3637810311903247,1,
2021-01-05,369.44000244140625,373.8299865722656,369.44000244140625,372.6700134277344,348.23785400390625,4310500,0.006037476980662149,845,4576,0.011976047904191711,0.06791131855309218,1,
2021-01-06,371.0199890136719,378.3699951171875,370.4599914550781,374.9200134277344,350.34033203125,4343100,0.014803284891783619,887,4566,0.04970414201183426,-0.0021853146853146876,1,
2021-01-07,377.4700012207031,381.260009765625,377.2799987792969,380.4700012207031,355.5265197753906,6051700,0.00570365753573876,3036,4691,2.422773393461105,0.027376259307928086,1,
2021-01-08,382.010009765625,382.8599853515625,378.489990234375,382.6400146484375,357.5543212890625,3400200,-0.006533781027180829,3933,4351,0.2954545454545454,-0.0724792155190791,0,
2021-01-11,379.2300109863281,381.9200134277344,379.1300048828125,380.1400146484375,355.2181396484375,3360700,0.00015773483159664536,4611,4302,0.17238749046529356,-0.011261778901402009,1,
2021-01-12,380.20001220703125,381.2300109863281,377.7699890136719,380.20001220703125,355.274169921875,3494600,0.0025250772572624758,4020,4220,-0.12817176317501622,-0.019060901906090222,1,
2021-01-13,380.1199951171875,382.239990234375,379.239990234375,381.1600036621094,356.1712646484375,3764900,-0.003463193448387525,3646,4004,-0.09303482587064682,-0.05118483412322272,0,
2021-01-14,381.9599914550781,382.5299987792969,379.42999267578125,379.8399963378906,354.9377746582031,7004300,-0.007213556719897762,4759,3704,0.3052660449808009,-0.07492507492507494,0,
2021-01-15,378.0899963378906,378.9200134277344,375.0799865722656,377.1000061035156,352.3774108886719,10182500,0.007823012335209434,4805,3844,0.009665896196680013,0.03779697624190059,1,
2021-01-19,379.7300109863281,380.6099853515625,378.1499938964844,380.04998779296875,355.1340637207031,7103200,0.013761239656190805,4395,3811,-0.08532778355879289,-0.00858480749219559,1,
2021-01-20,382.5199890136719,386.19000244140625,382.1099853515625,385.2799987792969,360.0211486816406,3431200,0.0008825843276181189,4838,4042,0.10079635949943122,0.06061401207032269,1,
2021-01-21,385.8900146484375,386.3800048828125,384.6700134277344,385.6199951171875,360.3388977050781,3556200,-0.0033973077475198954,5110,4440,0.0562215791649443,0.09846610588817417,0,
2021-01-22,383.7300109863281,385.5,383.260009765625,384.30999755859375,359.1147155761719,3739800,0.003981314251804813,4624,4096,-0.09510763209393347,-0.07747747747747746,1,
2021-01-25,385.1199951171875,386.17999267578125,379.8800048828125,385.8399963378906,360.5444641113281,3890100,-0.0014774441967506657,5595,4235,0.20999134948096887,0.033935546875,0,
2021-01-26,386.80999755859375,387.20001220703125,385.0,385.2699890136719,360.01177978515625,2219200,-0.02439851397820403,5855,4059,0.0464700625558534,-0.04155844155844157,0,
2021-01-27,381.6300048828125,381.70001220703125,373.42999267578125,375.8699951171875,351.22802734375,5592600,0.008460392873775646,7367,6499,0.25824081981212643,0.6011332840601133,1,
2021-01-28,377.760009765625,383.3399963378906,377.29998779296875,379.04998779296875,354.1995544433594,5677800,-0.019865227933079432,9323,12409,0.2655083480385503,0.9093706724111401,0,
2021-01-29,377.05999755859375,378.010009765625,369.6499938964844,371.5199890136719,347.1632995605469,5001300,0.0163650231934378,8705,13268,-0.06628767564088811,0.06922395035861073,1,
2021-02-01,375.1700134277344,378.75,372.70001220703125,377.6000061035156,352.8446350097656,4393200,0.014194933010367672,7190,7084,-0.1740379092475589,-0.4660838106722942,1,
2021-02-02,381.0299987792969,384.6400146484375,380.9700012207031,382.9599914550781,357.8532409667969,3672300,0.0007833783254242999,7058,6433,-0.01835883171070929,-0.09189723320158105,1,
2021-02-03,383.8699951171875,385.1099853515625,381.9100036621094,383.260009765625,358.1335754394531,3247000,0.011323848746872756,6838,5764,-0.031170303202040284,-0.10399502564899732,1,
2021-02-04,384.4200134277344,387.6400146484375,384.20001220703125,387.6000061035156,362.18902587890625,1959700,0.003921484368746508,6402,5583,-0.06376133372331094,-0.03140180430256767,1,
2021-02-05,389.69000244140625,389.8900146484375,387.95001220703125,389.1199951171875,363.6093444824219,2559900,0.007529825843611837,6360,4862,-0.006560449859418949,-0.12914203833064664,1,
2021-02-08,390.739990234375,392.04998779296875,389.8599853515625,392.04998779296875,366.3472595214844,3315300,-0.0008418532867806583,6040,4624,-0.05031446540880502,-0.04895104895104896,0,
2021-02-09,391.1099853515625,392.3500061035156,386.3299865722656,391.7200012207031,366.0388488769531,4725500,-0.00040819181613760414,6046,5087,0.000993377483443636,0.10012975778546718,0,
2021-02-10,393.6000061035156,393.7300109863281,388.989990234375,391.55999755859375,365.8894348144531,2566000,0.0016857299304013917,5637,4803,-0.06764803175653322,-0.055828582661686665,1,
2021-02-11,392.7699890136719,393.1499938964844,389.5899963378906,392.2200012207031,366.5062255859375,3114200,0.004997054042090721,5325,4756,-0.05534858967535927,-0.009785550697480772,1,
2021-02-12,391.29998779296875,394.3800048828125,391.239990234375,394.17999267578125,368.3376770019531,1945900,-0.0007865985610731041,5274,4293,-0.009577464788732448,-0.09735071488645919,0,
2021-02-16,395.489990234375,395.6499938964844,393.0299987792969,393.8699951171875,368.0479431152344,2379300,0.0001271123725612444,5350,4139,0.014410314751611697,-0.03587235033775915,1,
2021-02-17,391.8999938964844,394.0899963378906,390.79998779296875,393.9200134277344,368.0947265625,2418900,-0.004239359401903231,5401,4395,0.009532710280373724,0.06185068857211884,0,
2021-02-18,391.0199890136719,392.989990234375,389.2099914550781,392.25,366.53424072265625,2840100,-0.0018865844603522808,5338,4371,-0.011664506572856892,-0.005460750853242269,0,
2021-02-19,393.5899963378906,393.8299865722656,391.0299987792969,391.510009765625,365.8427429199219,3051200,-0.007611652882669073,5112,3896,-0.042337954289996205,-0.10867078471745595,0,
2021-02-22,388.5,391.0799865722656,388.2200012207031,388.5299987792969,363.0580749511719,2878300,0.0010554198828631733,6002,4130,0.1741001564945226,0.06006160164271046,1,
2021-02-23,386.0899963378906,390.3800048828125,381.6199951171875,388.94000244140625,363.4412536621094,4439600,0.01097853154898254,7056,5033,0.17560813062312564,0.21864406779661016,1,
2021-02-24,387.7200012207031,393.6700134277344,386.739990234375,393.2099914550781,367.4313049316406,3386600,-0.023982247824312797,6166,4873,-0.12613378684807253,-0.03179018478044904,0,
2021-02-25,391.8599853515625,393.3299865722656,382.19000244140625,383.7799987792969,358.6194763183594,6216300,-0.005237233201628166,6221,4557,0.00891988323061943,-0.06484711676585264,0,
2021-02-26,385.7900085449219,387.0199890136719,379.6099853515625,381.7699890136719,356.7413024902344,6449900,0.02425537218708529,6613,4541,0.06301237743128119,-0.003511081852095699,1,
2021-03-01,387.17999267578125,392.3800048828125,387.010009765625,391.0299987792969,365.3941955566406,3900900,-0.007697751243043172,5657,3912,-0.1445637380916377,-0.13851574543052192,0,
2021-03-02,391.30999755859375,391.510009765625,387.7699890136719,388.0199890136719,362.58148193359375,4502400,-0.013349639384331535,5829,4020,0.03040480820222724,0.027607361963190247,0,
2021-03-03,387.2699890136719,388.25,382.7300109863281,382.8399963378906,357.74114990234375,5415300,-0.012381358114020746,5500,4016,-0.056441928289586496,-0.0009950248756218638,0,
2021-03-04,382.6199951171875,385.4200134277344,373.260009765625,378.1000061035156,353.31182861328125,7556100,0.018434487699314328,6382,4218,0.16036363636363626,0.05029880478087656,1,
2021-03-05,381.8699951171875,386.2099914550781,374.0199890136719,385.07000732421875,359.824951171875,6516000,-0.00488255872572585,6394,4165,0.0018802883108743895,-0.012565196775723098,0,
2021-03-08,386.0799865722656,389.1300048828125,382.8299865722656,383.19000244140625,358.0680847167969,3885700,0.01409251971439951,5758,3755,-0.09946825148576788,-0.09843937575030015,1,
2021-03-09,387.29998779296875,391.3699951171875,386.7900085449219,388.5899963378906,363.1141662597656,3586900,0.006124708734906115,5444,4019,-0.0545328238971865,0.07030625832223691,1,
2021-03-10,391.1700134277344,392.8699951171875,389.6400146484375,390.9700012207031,365.338134765625,3426300,0.010281921913894765,5474,3908,0.005510653930933085,-0.027618810649415293,1,
2021-03-11,393.7300109863281,397.1400146484375,393.2300109863281,394.989990234375,369.0945129394531,2818100,0.001569805884316322,5536,3749,0.011326269638290087,-0.04068577277379737,1,
2021-03-12,393.57000732421875,395.7200012207031,392.6700134277344,395.6099853515625,369.6739196777344,3389300,0.0060666324072984334,5353,3528,-0.03305635838150289,-0.058949053080821545,1,
2021-03-15,395.8399963378906,398.2200012207031,393.54998779296875,398.010009765625,371.9165954589844,2327600,-0.0014070773826095895,6128,4256,0.1447786288062769,0.20634920634920628,0,
2021-03-16,398.6099853515625,399.3599853515625,396.5799865722656,397.45001220703125,371.3932800292969,3722000,0.003270797460766639,5505,4069,-0.10166449086161877,-0.043937969924812026,1,
2021-03-17,396.0400085449219,399.6499938964844,394.80999755859375,398.75,372.6080322265625,4506200,-0.014595540237943516,5058,4032,-0.08119891008174385,-0.009093143278446791,0,
2021-03-18,395.989990234375,398.239990234375,392.25,392.92999267578125,367.16961669921875,4822200,-0.001857553900148412,5253,3902,0.03855278766310799,-0.03224206349206349,0,
2021-03-19,392.67999267578125,394.3299865722656,389.9200134277344,392.20001220703125,366.4875793457031,6090800,0.00790377935334674,4412,3800,-0.16009899105273173,-0.026140440799589992,1,
2021-03-22,392.82000732421875,396.8599853515625,392.760009765625,395.29998779296875,369.38421630859375,3791600,-0.007791320244858291,4198,3595,-0.04850407978241156,-0.05394736842105263,0,
2021-03-23,394.69000244140625,396.239990234375,391.4100036621094,392.2200012207031,366.5062255859375,5846500,-0.005124784382193104,4304,3614,0.0252501191043355,0.0052851182197497515,0,
2021-03-24,393.7699890136719,395.5400085449219,390.2099914550781,390.2099914550781,364.6279602050781,6597400,0.005710768606532524,4401,3628,0.022537174721189546,0.003873824017708971,1,
2021-03-25,387.4100036621094,392.0,385.3399963378906,391.1199951171875,366.71026611328125,5574700,0.016184349306387347,4401,3620,0.0,-0.0022050716648290836,1,
2021-03-26,392.3800048828125,397.8900146484375,391.760009765625,397.45001220703125,372.6452331542969,3625900,-0.0005031595290053703,3714,3214,-0.15610088616223583,-0.11215469613259665,0,
2021-03-29,395.8599853515625,398.20001220703125,394.2699890136719,397.25,372.4577331542969,3798400,-0.002466837557186019,4369,3084,0.1763597199784599,-0.04044803982576228,0,
2021-03-30,395.9100036621094,396.8999938964844,394.5,396.2699890136719,371.5389404296875,3612900,0.003911343858207017,4229,3084,-0.03204394598306248,0.0,1,
2021-03-31,396.79998779296875,399.4800109863281,396.7900085449219,397.82000732421875,372.9921569824219,5233300,0.010708213336592998,4211,3222,-0.004256325372428482,0.04474708171206232,1,
2021-04-01,399.8800048828125,402.20001220703125,399.6600036621094,402.0799865722656,376.9862365722656,7301000,0.014350585299137908,5620,3276,0.3345998575160294,0.016759776536312776,1,
2021-04-05,404.989990234375,408.4800109863281,404.9100036621094,407.8500061035156,382.3962097167969,5645400,-0.000613071022147138,4575,3247,-0.18594306049822062,-0.00885225885225882,0,
2021-04-06,407.30999755859375,408.75,406.94000244140625,407.6000061035156,382.1617736816406,3624100,0.0012513298873715328,5034,3272,0.10032786885245892,0.007699414844471786,1,
2021-04-07,407.42999267578125,408.4800109863281,406.989990234375,408.1099853515625,382.6399841308594,2974600,0.004655797131790873,4773,3121,-0.05184743742550657,-0.04614914425427874,1,
2021-04-08,409.4700012207031,410.1099853515625,408.4700012207031,410.010009765625,384.4214782714844,4125500,0.007243391793246623,4740,3305,-0.006913890634820841,0.05895546299263055,1,
2021-04-09,409.94000244140625,413.20001220703125,409.79998779296875,412.9800109863281,387.20599365234375,3052100,0.00041164990511477484,4401,3637,-0.0715189873417722,0.10045385779122551,1,
2021-04-12,412.3599853515625,413.4700012207031,411.760009765625,413.1499938964844,387.3653869628906,2980500,0.0029286572507507547,4355,3678,-0.010452169961372437,0.011273027220236376,1,
2021-04-13,413.05999755859375,415.0799865722656,412.6600036621094,414.3599853515625,388.4998474121094,8665300,-0.003330384216066684,5439,3875,0.2489092996555684,0.053561718325176644,0,
2021-04-14,414.3599853515625,415.510009765625,412.42999267578125,412.9800109863281,387.20599365234375,3981200,0.010751289844250778,5005,4059,-0.07979407979407982,0.04748387096774187,1,
2021-04-15,415.25,417.7200012207031,415.25,417.4200134277344,391.36895751953125,4443800,0.0035217302546759477,4454,3711,-0.11008991008991009,-0.0857354028085735,1,
2021-04-16,418.82000732421875,419.4800109863281,417.3299865722656,418.8900146484375,392.74725341796875,2707100,-0.0048940358561322395,4728,3942,0.06151773686573869,0.06224737267582858,0,
2021-04-19,417.79998779296875,418.32000732421875,415.3500061035156,416.8399963378906,390.82513427734375,4418700,-0.007268932058090871,4165,3850,-0.11907783417935702,-0.023338406900050734,0,
2021-04-20,415.4800109863281,416.2300109863281,412.17999267578125,413.80999755859375,387.9842529296875,6145200,0.009352129568423129,4501,3702,0.08067226890756296,-0.03844155844155839,1,
2021-04-21,413.0799865722656,417.8900146484375,412.94000244140625,417.67999267578125,391.61273193359375,3875800,-0.008882383809813432,4412,3358,-0.019773383692512803,-0.09292274446245274,0,
2021-04-22,417.42999267578125,418.3399963378906,412.7099914550781,413.9700012207031,388.13427734375,6300000,0.010483800457668169,4069,3199,-0.07774252039891205,-0.04734961286480044,1,
2021-04-23,414.4700012207031,419.8399963378906,414.3800048828125,418.30999755859375,392.2033996582031,4565600,0.0022473254749304505,3762,3215,-0.07544851314819367,0.005001562988433905,1,
2021-04-26,419.0400085449219,419.80999755859375,418.5899963378906,419.25,393.0848083496094,4583400,-0.00031023392305473685,4138,3058,0.099946836788942,-0.0488335925349922,0,
2021-04-27,419.5299987792969,419.7300109863281,417.94000244140625,419.1199951171875,392.9628601074219,3281000,-0.0003817775909445986,4237,3429,0.02392460125664564,0.12132112491824731,0,
2021-04-28,419.3800048828125,420.6000061035156,418.5,418.9599914550781,392.8128356933594,5500200,0.006325276142816083,4170,3762,-0.015813075289119682,0.09711286089238835,1,
2021-04-29,421.9599914550781,422.2799987792969,418.010009765625,421.6099853515625,395.2974853515625,4089200,-0.006475202708106864,4404,3749,0.05611510791366903,-0.0034556087187666007,0,
2021-04-30,419.2300109863281,420.1300048828125,417.92999267578125,418.8800048828125,392.73785400390625,4920000,0.002148535025472409,3677,3834,-0.16507720254314262,0.022672712723392996,1,
2021-05-03,421.0199890136719,421.42999267578125,419.2799987792969,419.7799987792969,393.5816650390625,4672100,-0.006074568089470267,4641,3686,0.26217024748436235,-0.03860198226395406,0,
2021-05-04,417.67999267578125,418.1700134277344,413.260009765625,417.2300109863281,391.1908264160156,6946800,0.00014377611305382842,4848,3912,0.04460245636716231,0.061313076505697284,1,
2021-05-05,418.94000244140625,419.2099914550781,416.5299987792969,417.2900085449219,391.2470703125,4242000,0.008123781627757731,4449,3724,-0.08230198019801982,-0.04805725971370145,1,
2021-05-06,417.45001220703125,420.7699890136719,415.25,420.67999267578125,394.42547607421875,5376900,0.007250242059017475,4200,4051,-0.055967633175994624,0.08780880773361965,1,
2021-05-07,421.510009765625,424.42999267578125,420.7699890136719,423.7300109863281,397.28515625,4679900,-0.00972320375104474,4093,3891,-0.02547619047619043,-0.03949642063687975,0,
2021-05-10,424.1499938964844,424.3399963378906,419.42999267578125,419.6099853515625,393.4222717285156,4645900,-0.008912893381233022,4579,4418,0.11873931101881263,0.13544076072988953,0,
2021-05-11,414.67999267578125,416.8399963378906,411.6099853515625,415.8699951171875,389.9157409667969,10330800,-0.021377017442373303,4705,4245,0.027516925092815114,-0.039157990040742385,0,
2021-05-12,412.7900085449219,414.1400146484375,406.3399963378906,406.9800109863281,381.58050537109375,7589000,0.011867833581127973,4856,4094,0.03209351753453782,-0.03557126030624269,1,
2021-05-13,408.6099853515625,413.8999938964844,408.5799865722656,411.80999755859375,386.1090393066406,6956400,0.015444014833677633,4567,4093,-0.05951400329489287,-0.0002442598925256334,1,
2021-05-14,414.760009765625,419.07000732421875,414.760009765625,418.1700134277344,392.0721130371094,3587500,-0.002391219590487381,3962,3449,-0.13247208232975693,-0.1573418030784266,0,
2021-05-17,416.989990234375,417.94000244140625,414.9599914550781,417.1700134277344,391.13458251953125,2985600,-0.00860572668560966,3968,4063,0.0015143866733973166,0.17802261525079732,0,
2021-05-18,417.3900146484375,417.6300048828125,413.3500061035156,413.5799865722656,387.7685852050781,3348400,-0.0027079265009816167,3863,4078,-0.026461693548387122,0.0036918533103618145,0,
2021-05-19,408.4599914550781,412.6000061035156,406.8900146484375,412.4599914550781,386.7185363769531,5670900,0.010570555081588218,4094,4340,0.059798084390370265,0.06424717999019136,1,
2021-05-20,413.3699951171875,418.20001220703125,413.260009765625,416.82000732421875,390.8063659667969,3770400,-0.00057582639560394,3777,3933,-0.07743038593063023,-0.093778801843318,0,
2021-05-21,418.510009765625,419.80999755859375,416.0400085449219,416.5799865722656,390.5813293457031,4147900,0.010058155720377826,3516,4022,-0.06910246227164418,0.022629036359013366,1,
2021-05-24,418.92999267578125,421.94000244140625,418.69000244140625,420.7699890136719,394.5098571777344,2732000,-0.0021626327355775965,3638,4421,0.03469852104664395,0.09920437593237197,0,
2021-05-25,421.9599914550781,422.3299865722656,419.2200012207031,419.8599853515625,393.65667724609375,4238500,0.0018338919923202024,3664,5207,0.007146783947223678,0.1777878308075096,1,
2021-05-26,420.4700012207031,421.2099914550781,419.3699951171875,420.6300048828125,394.37860107421875,3000800,0.0005230984327320165,3610,4444,-0.014737991266375539,-0.14653351257922032,1,
2021-05-27,421.7799987792969,422.32000732421875,420.760009765625,420.8500061035156,394.58489990234375,3719400,0.0019008089710572662,3557,3829,-0.01468144044321329,-0.13838883888388842,1,
2021-05-28,422.6499938964844,422.8900146484375,421.45001220703125,421.6499938964844,395.3349304199219,3280900,-0.0007825179756428824,3361,3998,-0.05510261456283383,0.04413685035257253,0,
2021-06-01,424.239990234375,424.3599853515625,420.82000732421875,421.32000732421875,395.02557373046875,3739600,0.0016615166115352409,3425,3510,0.01904195180005952,-0.12206103051525763,1,
2021-06-02,421.9599914550781,422.8599853515625,420.92999267578125,422.0199890136719,395.6819152832031,2669700,-0.003815141559984636,3481,3506,0.016350364963503727,-0.0011396011396010985,0,
2021-06-03,419.5199890136719,421.6300048828125,417.8999938964844,420.4100036621094,394.1723327636719,3140800,0.009110237120883324,3600,3734,0.0341855788566503,0.0650313747860809,1,
2021-06-04,422.3699951171875,424.55999755859375,422.32000732421875,424.239990234375,397.7633361816406,2586300,-0.0008485558706908813,3218,3523,-0.10611111111111116,-0.05650776647027311,0,
2021-06-07,424.25,424.42999267578125,422.8599853515625,423.8800048828125,397.4258117675781,4254700,4.7147901353961075e-05,3380,3552,0.05034182722187697,0.008231620777746196,1,
2021-06-08,424.82000732421875,424.8800048828125,421.9800109863281,423.8999938964844,397.4445495605469,3667200,-0.0016041048375535771,3323,3650,-0.016863905325443795,0.027590090090090058,0,
2021-06-09,424.8500061035156,424.9200134277344,423.0400085449219,423.2200012207031,396.8070068359375,3653800,0.004845964321520402,3302,3663,-0.0063195907312669775,0.0035616438356165236,1,
2021-06-10,423.4200134277344,425.0400085449219,421.989990234375,424.0400085449219,398.72991943359375,3075700,0.0016505962000008534,3300,3519,-0.0006056935190793533,-0.039312039312039304,1,
2021-06-11,424.67999267578125,424.8399963378906,423.260009765625,424.739990234375,399.3880615234375,2166700,0.002401669179564525,3499,3407,0.0603030303030303,-0.03182722364308044,1,
2021-06-14,424.9200134277344,425.7799987792969,423.5400085449219,425.760009765625,400.3472595214844,2158800,-0.001949448945651855,3285,3775,-0.061160331523292366,0.10801291458761364,0,
2021-06-15,425.8999938964844,425.94000244140625,424.0,424.92999267578125,399.5668029785156,4528500,-0.005530357622257065,3394,3699,0.03318112633181136,-0.020132450331125873,0,
2021-06-16,425.1199951171875,425.2799987792969,420.30999755859375,422.5799865722656,397.3570556640625,4771800,-0.0003076664078971447,3195,3529,-0.05863288155568647,-0.045958367126250343,0,
2021-06-17,422.0799865722656,423.44000244140625,419.75,422.45001220703125,397.23480224609375,4336300,-0.01344530326298976,3266,3747,0.022222222222222143,0.06177387361858888,0,
2021-06-18,418.9700012207031,419.6099853515625,416.4800109863281,416.7699890136719,391.89385986328125,7290700,0.014108624345076537,3098,3456,-0.051439069197795506,-0.07766212970376296,1,
2021-06-21,418.6199951171875,422.8699951171875,417.7300109863281,422.6499938964844,397.4229431152344,4111000,0.004755368583682973,3611,3201,0.16559070367979345,-0.07378472222222221,1,
2021-06-22,422.6700134277344,425.7900085449219,421.8900146484375,424.6600036621094,399.3128356933594,4447800,-0.000588550750522554,3461,3150,-0.04153973968429803,-0.015932521087160256,0,
2021-06-23,424.9700012207031,425.8599853515625,424.3299865722656,424.4100036621094,399.07781982421875,2744100,0.0057963679998946915,3346,3095,-0.03322739092747762,-0.01746031746031751,1,
2021-06-24,426.69000244140625,427.3800048828125,426.44000244140625,426.8699951171875,401.3910217285156,4817200,0.0036779294051958455,3601,3264,0.07621040047818295,0.05460420032310176,1,
2021-06-25,427.760009765625,428.9100036621094,427.3999938964844,428.44000244140625,402.8673095703125,4171500,0.002123677653684375,3453,2980,-0.041099694529297404,-0.08700980392156865,1,
2021-06-28,429.0400085449219,429.489990234375,427.7200012207031,429.3500061035156,403.7228698730469,4015300,0.0004428086343299942,3398,2946,-0.015928178395598014,-0.01140939597315438,1,
2021-06-29,429.760009765625,430.3800048828125,428.9800109863281,429.5400085449219,403.9016418457031,3324400,0.0008846208276220846,3450,2947,0.015303119482048322,0.0003394433129666474,1,
2021-06-30,429.05999755859375,430.6199951171875,429.04998779296875,429.9200134277344,404.2589416503906,6888500,0.005652326829880039,3523,2976,0.02115942028985507,0.009840515778757997,1,
2021-07-01,430.7099914550781,432.4700012207031,430.6600036621094,432.3500061035156,406.5439453125,3655400,0.007609578165798325,4479,3086,0.2713596366732898,0.03696236559139776,1,
2021-07-02,433.5400085449219,435.9800109863281,433.20001220703125,435.6400146484375,409.6375732421875,3920000,-0.002548013842505026,4352,2844,-0.028354543424871648,-0.07841866493843164,0,
2021-07-06,435.6700134277344,435.8699951171875,431.8699951171875,434.5299987792969,408.59381103515625,4966700,0.004096333637617411,4966,3059,0.14108455882352944,0.07559774964838262,1,
2021-07-07,435.57000732421875,436.6199951171875,433.4100036621094,436.30999755859375,410.2675476074219,4430900,-0.008021781589474974,4513,3007,-0.09122029802658072,-0.016999019287348816,0,
2021-07-08,430.6499938964844,433.6000061035156,429.3900146484375,432.80999755859375,406.9764709472656,6456900,0.010628079819703373,4663,3083,0.033237314424994446,0.02527435982707016,1,
2021-07-09,434.4200134277344,437.70001220703125,434.17999267578125,437.4100036621094,411.3018493652344,4312100,0.003703791916313426,3802,3224,-0.18464507827578813,0.045734674018812926,1,
2021-07-12,437.30999755859375,439.2699890136719,436.8599853515625,439.0299987792969,412.8252258300781,4879900,-0.0035078285593515,4023,3198,0.0581273014203052,-0.008064516129032251,0,
2021-07-13,438.1499938964844,439.75,437.0,437.489990234375,411.3771057128906,4525400,0.0013257413480187719,4446,3290,0.10514541387024612,0.028767979987492254,1,
2021-07-14,439.29998779296875,439.80999755859375,436.79998779296875,438.07000732421875,411.9224853515625,3996400,-0.0034239461082617995,4076,3221,-0.08322087269455691,-0.02097264437689972,0,
2021-07-15,436.67999267578125,437.4100036621094,434.6000061035156,436.57000732421875,410.5120849609375,3978900,-0.007559141399648861,4077,3095,0.0002453385672227526,-0.03911828624650726,0,
2021-07-16,437.8699951171875,437.9599914550781,432.79998779296875,433.2699890136719,407.4089660644531,4009300,-0.01493275980924913,3983,2999,-0.023056168751532935,-0.031017770597738248,0,
2021-07-19,428.0400085449219,428.54998779296875,423.80999755859375,426.79998779296875,401.3252258300781,10288400,0.014503265053942282,5551,3218,0.39367311072056244,0.07302434144714898,1,
2021-07-20,427.5799865722656,434.2799987792969,426.69000244140625,432.989990234375,407.145751953125,8433200,0.008106374826179596,4851,3051,-0.12610340479192939,-0.051895587321317604,1,
2021-07-21,434.2099914550781,436.5799865722656,434.0400085449219,436.5,410.44622802734375,4581700,0.002176288757754774,4194,3101,-0.13543599257884975,0.016388069485414603,1,
2021-07-22,436.6300048828125,437.6099853515625,435.5899963378906,437.45001220703125,411.3394775390625,3918100,0.00985275216466297,4260,3857,0.01573676680972813,0.24379232505643333,1,
2021-07-23,439.4200134277344,442.20001220703125,438.7099914550781,441.760009765625,415.3923034667969,4093700,0.002670888563593765,3891,2959,-0.08661971830985915,-0.23282343790510762,1,
2021-07-26,441.2699890136719,442.94000244140625,441.17999267578125,442.94000244140625,416.50177001953125,3114700,-0.0045602519942584685,4020,2923,0.033153430994602884,-0.012166272389320665,0,
2021-07-27,441.8299865722656,441.8699951171875,437.8900146484375,440.9200134277344,414.6024169921875,4245800,-0.0005444698731577047,4333,2897,0.0778606965174129,-0.008894970920287348,0,
2021-07-28,441.6199951171875,442.2300109863281,439.2300109863281,440.67999267578125,414.3766784667969,4454700,0.004447760193750483,4651,2946,0.07339026078929156,0.01691404901622362,1,
2021-07-29,441.739990234375,443.7200012207031,441.7200012207031,442.6400146484375,416.2197265625,3626700,-0.005060530748998704,3916,3104,-0.15803053106858744,0.05363204344874406,0,
2021-07-30,439.82000732421875,441.9800109863281,439.7099914550781,440.3999938964844,414.1134338378906,2730700,-0.002020904120800582,3615,3087,-0.07686414708886624,-0.005476804123711321,0,
2021-08-02,442.2799987792969,442.8599853515625,439.1499938964844,439.510009765625,413.27655029296875,3485700,0.007986046036972061,3599,3142,-0.004426002766251713,0.017816650469711703,1,
2021-08-03,440.32000732421875,443.1700134277344,438.010009765625,443.0199890136719,416.5769958496094,3191800,-0.00476249954671637,3644,3422,0.012503473186996406,0.08911521323997462,0,
2021-08-04,441.7200012207031,442.32000732421875,440.6400146484375,440.9100036621094,414.5930480957031,3126000,0.0062141043481653835,3737,3482,0.025521405049396373,0.017533606078316666,1,
2021-08-05,442.1400146484375,443.7799987792969,441.8299865722656,443.6499938964844,417.16937255859375,2741200,0.001735796396817868,3310,3191,-0.1142627776291143,-0.08357265939115455,1,
2021-08-06,444.0400085449219,444.8699951171875,443.760009765625,444.4200134277344,417.89349365234375,2660300,-0.0006977015575380108,3117,2769,-0.05830815709969783,-0.13224694453149488,0,
2021-08-09,444.4200134277344,444.7200012207031,443.239990234375,444.1099853515625,417.6019287109375,1690100,0.0011709312641496883,3285,2998,0.05389797882579406,0.0827013362224629,1,
2021-08-10,444.54998779296875,445.3900146484375,443.82000732421875,444.6300048828125,418.0909118652344,2650400,0.0023616783149609244,3463,2951,0.0541856925418569,-0.015677118078719188,1,
2021-08-11,445.7799987792969,445.8399963378906,444.57000732421875,445.67999267578125,419.07830810546875,3293900,0.002333393871613243,3676,3122,0.06150736355760911,0.057946458827516034,1,
2021-08-12,445.6000061035156,447.2099914550781,444.6300048828125,446.7200012207031,420.0561828613281,4714000,0.0025297141517455213,3563,2944,-0.030739934711643047,-0.05701473414477898,1,
2021-08-13,447.5400085449219,447.8800048828125,447.0400085449219,447.8500061035156,421.1188049316406,2944500,0.002567753643484716,3329,3102,-0.06567499298344093,0.05366847826086962,1,
2021-08-16,446.55999755859375,449.07000732421875,444.8299865722656,449.0,422.20013427734375,3331500,-0.006793014122362551,3838,2737,0.1528987683989187,-0.11766602192134112,0,
2021-08-17,446.1499938964844,446.9100036621094,442.7799987792969,445.95001220703125,419.3321228027344,7122900,-0.01078586022884609,4273,2960,0.11334028139656072,0.0814760686883449,0,
2021-08-18,444.8800048828125,446.55999755859375,440.8699951171875,441.1400146484375,414.80926513671875,5144200,0.0014735364506965887,3769,2837,-0.11794991809033462,-0.0415540540540541,1,
2021-08-19,438.19000244140625,443.04998779296875,438.0299987792969,441.7900085449219,415.4205017089844,4817200,0.007967383505409265,4260,2890,0.13027328203767574,0.01868170602749375,1,
2021-08-20,442.1400146484375,445.6600036621094,441.6600036621094,445.30999755859375,418.7303161621094,4661000,0.008713169017754208,3527,2714,-0.17206572769953055,-0.0608996539792388,1,
2021-08-23,447.1199951171875,450.2099914550781,447.1099853515625,449.19000244140625,422.3787841796875,4093700,0.001736352451803036,3673,2999,0.041394953218032216,0.10501105379513631,1,
2021-08-24,449.9599914550781,450.5199890136719,449.4200134277344,449.9700012207031,423.1121826171875,2899000,0.00208907039108408,3995,3078,0.08766675741900354,0.026342114038012676,1,
2021-08-25,450.1700134277344,451.45001220703125,449.75,450.9100036621094,423.99609375,3255100,-0.005899231756078205,4041,3012,0.01151439299123913,-0.021442495126705707,0,
2021-08-26,450.69000244140625,450.8399963378906,448.1499938964844,448.25,421.4948425292969,3621800,0.008789894076280946,3430,2863,-0.1512001979707993,-0.04946879150066397,1,
2021-08-27,449.07000732421875,452.6499938964844,449.05999755859375,452.19000244140625,425.1997375488281,4033900,0.004444860723989086,3555,2825,0.036443148688046545,-0.013272790778903198,1,
2021-08-30,453.04998779296875,455.0899963378906,452.7200012207031,454.20001220703125,427.0896911621094,2433000,-0.001078823497887571,4499,2749,0.26554149085794654,-0.026902654867256626,0,
2021-08-31,454.19000244140625,454.510009765625,452.95001220703125,453.7099914550781,426.6289367675781,3277900,0.0004407795632219713,4178,2785,-0.07134918870860196,0.013095671153146693,1,
2021-09-01,454.54998779296875,455.1400146484375,453.5799865722656,453.9100036621094,426.8169860839844,3788400,0.0029962950646360564,4269,2929,0.021780756342747676,0.05170556552962302,1,
2021-09-02,455.3500061035156,456.0799865722656,453.9599914550781,455.2699890136719,428.0958557128906,2695200,-0.0004391978953288689,4093,2869,-0.04122745373623804,-0.02048480710139977,0,
2021-09-03,454.1199951171875,455.6499938964844,453.5799865722656,455.07000732421875,427.9078369140625,2622100,-0.0032302111501014696,3550,2610,-0.13266552650867336,-0.09027535726734048,0,
2021-09-07,454.75,454.8299865722656,452.760009765625,453.6000061035156,426.5256042480469,2433700,-0.0013228021454179117,3986,3056,0.12281690140845081,0.17088122605363987,0,
2021-09-08,452.8999938964844,453.67999267578125,450.8699951171875,453.0,425.9613952636719,4076800,-0.004459409124708769,3722,2875,-0.06623181133968892,-0.05922774869109948,0,
2021-09-09,452.69000244140625,454.5799865722656,450.7300109863281,450.9800109863281,424.0618591308594,3851600,-0.007627633925098465,3822,3059,0.026867275658248202,0.06400000000000006,0,
2021-09-10,453.05999755859375,453.510009765625,447.29998779296875,447.5400085449219,420.8272705078125,3024000,0.002323841299152418,3313,2673,-0.13317634746206175,-0.12618502778685847,1,
2021-09-13,450.67999267578125,450.92999267578125,446.0899963378906,448.5799865722656,421.8052062988281,3007400,-0.005327993715395496,3646,3290,0.10051313009357088,0.2308267863823419,0,
2021-09-14,450.0799865722656,450.32000732421875,445.20001220703125,446.19000244140625,419.5578308105469,3663700,0.008314911961103455,3682,3404,0.009873834339001686,0.03465045592705174,1,
2021-09-15,446.6000061035156,450.3900146484375,445.45001220703125,449.8999938964844,423.0464172363281,5473300,-0.0018671390240567742,3685,3272,0.0008147745790332284,-0.03877790834312578,0,
2021-09-16,449.32000732421875,450.3399963378906,446.010009765625,449.05999755859375,422.25653076171875,2269300,-0.009642321448007585,3405,3316,-0.07598371777476254,0.01344743276283622,0,
2021-09-17,448.3699951171875,448.7799987792969,444.4200134277344,444.7300109863281,418.18499755859375,4722800,-0.016864157460589557,3250,3283,-0.04552129221732748,-0.009951749095295503,0,
2021-09-20,438.260009765625,439.8900146484375,432.1700134277344,437.2300109863281,411.1326599121094,10006500,-0.0005717044877169286,5368,3866,0.6516923076923078,0.17758148035333532,0,
2021-09-21,439.8900146484375,441.25,436.4200134277344,436.9800109863281,410.8976135253906,6327300,0.00986305036588253,4813,3631,-0.1033904619970194,-0.060786342472840094,1,
2021-09-22,439.4599914550781,443.4100036621094,438.4200134277344,441.2900085449219,414.9503173828125,4929000,0.011987489677939944,4075,3586,-0.15333471847080826,-0.01239328008813001,1,
2021-09-23,443.25,448.2900085449219,442.9800109863281,446.5799865722656,419.9245300292969,4244500,0.00191742973718112,3808,3470,-0.06552147239263806,-0.03234802007808146,1,
2021-09-24,443.1600036621094,446.3999938964844,442.92999267578125,445.739990234375,420.7297058105469,3435000,-0.0031408327772930456,3200,3487,-0.15966386554621848,0.004899135446685854,0,
2021-09-27,444.5400085449219,445.7699890136719,443.6099853515625,444.3399963378906,419.40826416015625,3175900,-0.019962206681573447,4002,3370,0.2506250000000001,-0.033553197591052464,0,
2021-09-28,441.42999267578125,441.75,434.6400146484375,435.4700012207031,411.03594970703125,7588700,0.0017222733443880145,4837,3546,0.20864567716141935,0.05222551928783381,1,
2021-09-29,436.8900146484375,438.7300109863281,435.54998779296875,436.2200012207031,411.7438659667969,4173900,-0.012379166563828092,4354,3431,-0.09985528219971052,-0.03243090806542581,0,
2021-09-30,437.70001220703125,438.4700012207031,430.6000061035156,430.82000732421875,406.6468200683594,7695900,0.011907614579899084,3996,3313,-0.08222324299494721,-0.03439230545030603,1,
2021-10-01,432.70001220703125,437.7300109863281,428.94000244140625,435.95001220703125,411.489013671875,6783700,-0.012983258566360845,4173,3101,0.04429429429429432,-0.06399034108059165,0,
2021-10-04,434.69000244140625,435.6099853515625,428.010009765625,430.2900085449219,406.14654541015625,7911000,0.010481335015452453,4871,3647,0.16726575605080285,0.17607223476297973,1,
2021-10-05,431.9700012207031,437.1700134277344,431.0899963378906,434.79998779296875,410.40350341796875,4738500,0.004254726800852593,4154,3935,-0.14719770067747895,0.07896901562928438,1,
2021-10-06,430.9800109863281,436.82000732421875,429.2099914550781,436.6499938964844,412.149658203125,5125700,0.008290436657554245,3940,3321,-0.05151661049590761,-0.15603557814485391,1,
2021-10-07,440.1300048828125,443.3900146484375,439.8999938964844,440.2699890136719,415.5665588378906,4110900,-0.001476212034924762,3743,3179,-0.050000000000000044,-0.042758205359831325,0,
2021-10-08,441.19000244140625,441.5899963378906,438.9200134277344,439.6199951171875,414.9530944824219,3056500,-0.007460957170319804,3263,3231,-0.1282393801763292,0.01635734507706821,0,
2021-10-11,438.8599853515625,441.9700012207031,436.30999755859375,436.3399963378906,411.8571472167969,2829000,-0.0025209445798987096,3348,3353,0.02604964756359185,0.037759207675642115,0,
2021-10-12,437.3900146484375,437.7699890136719,434.4800109863281,435.239990234375,410.8188781738281,4986700,0.0035611366844621184,3182,3505,-0.049581839904420555,0.04533253802564863,1,
2021-10-13,436.3699951171875,437.739990234375,433.2300109863281,436.7900085449219,412.2818603515625,5343000,0.01712494148627952,3381,3328,0.06253928346951598,-0.050499286733238224,1,
2021-10-14,440.8299865722656,444.3900146484375,440.2900085449219,444.2699890136719,419.3421630859375,3592600,0.007675494454408183,3388,3214,0.0020703933747412417,-0.03425480769230771,1,
2021-10-15,446.54998779296875,448.0,445.8399963378906,447.67999267578125,422.5608215332031,3719900,0.0029037719569453557,3293,2800,-0.02804014167650526,-0.12881144990665838,1,
2021-10-18,445.7200012207031,449.2900085449219,445.0,448.9800109863281,423.787841796875,2692900,0.007862426440301107,3558,3383,0.08047373215912534,0.20821428571428569,1,
2021-10-19,450.7300109863281,452.510009765625,450.05999755859375,452.510009765625,427.1198425292969,2727800,0.0038451362377582843,3785,3726,0.06379988757729071,0.10138929943836827,1,
2021-10-20,452.8699951171875,454.5199890136719,452.7799987792969,454.25,428.7621765136719,2735800,0.0025976394193774066,3732,3514,-0.014002642007926003,-0.05689747718733229,1,
2021-10-21,453.54998779296875,455.6400146484375,453.1000061035156,455.42999267578125,429.8759460449219,4878900,-0.0012075669938786948,3780,3496,0.012861736334405238,-0.005122367672168449,0,
2021-10-22,455.0,456.4599914550781,452.8299865722656,454.8800048828125,429.3568420410156,3756600,0.005232080226509561,3187,3209,-0.15687830687830684,-0.08209382151029754,1,
2021-10-25,456.07000732421875,457.70001220703125,454.1700134277344,457.260009765625,431.603271484375,2065700,0.0011373297576091623,3691,3290,0.15814245371823032,0.025241508258024403,1,
2021-10-26,458.9800109863281,460.2900085449219,457.3800048828125,457.7799987792969,432.0941467285156,2550500,-0.00445636128499316,4283,3456,0.16039013817393655,0.05045592705167179,0,
2021-10-27,458.260009765625,458.95001220703125,455.6700134277344,455.739990234375,430.1685791015625,2507100,0.00961075965800795,3713,3395,-0.13308428671491945,-0.01765046296296291,1,
2021-10-28,457.2900085449219,460.20001220703125,457.2699890136719,460.1199951171875,434.3028259277344,2464700,0.0018906300120826725,3788,3372,0.02019929975760837,-0.006774668630338709,1,
2021-10-29,457.70001220703125,461.3900146484375,457.3800048828125,460.989990234375,435.1239318847656,4175200,0.0020610681294286337,3648,3123,-0.03695881731784578,-0.07384341637010672,1,
2021-11-01,462.1300048828125,462.5199890136719,460.0199890136719,461.94000244140625,436.020751953125,2914800,0.003939799803017063,4067,3006,0.11485745614035081,-0.03746397694524495,1,
2021-11-02,462.0799865722656,464.04998779296875,461.9200134277344,463.760009765625,437.73858642578125,3282800,0.006145365201928765,4053,3042,-0.0034423407917383297,0.011976047904191711,1,
2021-11-03,463.1400146484375,466.9700012207031,462.67999267578125,466.6099853515625,440.42864990234375,2916100,0.004586277434411867,3823,2501,-0.05674808783617069,-0.17784352399737013,1,
2021-11-04,467.2099914550781,468.8599853515625,466.8399963378906,468.75,442.4485778808594,3039900,0.0035201030751843554,3906,2525,0.021710698404394435,0.009596161535385894,1,
2021-11-05,471.17999267578125,472.5400085449219,468.7900085449219,470.3999938964844,444.00604248046875,4361100,0.0010417074764987877,3773,2599,-0.03405017921146958,0.029306930693069333,1,
2021-11-08,471.57000732421875,472.1000061035156,470.0799865722656,470.8900146484375,444.46856689453125,2963000,-0.0034828203065211394,3838,3125,0.017227670288894714,0.20238553289726813,0,
2021-11-09,471.2200012207031,471.44000244140625,467.739990234375,469.25,442.9205627441406,3519000,-0.007906159324402973,3928,3343,0.02344971339239188,0.06976000000000004,0,
2021-11-10,467.4700012207031,469.25,463.8800048828125,465.5400085449219,439.41876220703125,4230300,0.00040808746572817967,3958,3367,0.0076374745417515655,0.007179180376907013,1,
2021-11-11,467.07000732421875,467.1199951171875,465.6099853515625,465.7300109863281,439.59808349609375,3460000,0.007364723441920296,3558,3474,-0.10106114199090455,0.03177903177903185,1,
2021-11-12,467.0299987792969,469.7200012207031,465.9700012207031,469.1600036621094,442.8356018066406,2710400,0.0002558777277974489,3383,3286,-0.04918493535694213,-0.05411629245826133,1,
2021-11-15,470.5899963378906,470.67999267578125,468.1199951171875,469.2799987792969,442.94891357421875,2947100,0.003984691223634318,3314,3231,-0.020396098137747565,-0.016737674984783957,1,
2021-11-16,469.05999755859375,472.3800048828125,468.9700012207031,471.1499938964844,444.71392822265625,3959200,-0.0023559628464412397,3679,3765,0.11013880506940255,0.16527390900649963,0,
2021-11-17,470.9200134277344,471.0799865722656,469.3399963378906,470.0400085449219,443.66619873046875,4846100,0.0032976903236154875,3908,3618,0.06224517531938023,-0.03904382470119527,1,
2021-11-18,471.1400146484375,471.8999938964844,468.2699890136719,471.5899963378906,445.1292724609375,2910900,-0.0016327990217466226,3636,3624,-0.06960081883316271,0.0016583747927032544,0,
2021-11-19,471.45001220703125,472.82000732421875,470.3999938964844,470.82000732421875,444.4024658203125,3349800,-0.0029947439188363623,3429,3212,-0.05693069306930698,-0.11368653421633557,0,
2021-11-22,472.7300109863281,475.5,469.239990234375,469.4100036621094,443.07159423828125,4285400,0.0013846404983410832,4168,3481,0.21551472732575094,0.08374844333748444,1,
2021-11-23,469.19000244140625,470.95001220703125,466.30999755859375,470.05999755859375,443.6850891113281,8482500,0.0025954913491761378,4004,3404,-0.039347408829174646,-0.022120080436656142,1,
2021-11-24,468.010009765625,471.4700012207031,467.04998779296875,471.2799987792969,444.836669921875,4664100,-0.02261922141586592,3361,3343,-0.16058941058941056,-0.017920094007050524,0,
2021-11-26,464.2300109863281,465.7300109863281,459.6000061035156,460.6199951171875,434.7748107910156,7263800,0.012765271061700556,4185,3435,0.24516512942576618,0.027520191444809994,1,
2021-11-29,465.9100036621094,468.4200134277344,463.6000061035156,466.5,440.3248291015625,5483000,-0.019013811769487243,4446,3430,0.06236559139784936,-0.0014556040756914523,0,
2021-11-30,463.9100036621094,465.8800048828125,457.1300048828125,457.6300048828125,431.95257568359375,9778400,-0.011668885792521788,5504,3487,0.2379667116509221,0.016618075801749344,0,
2021-12-01,463.45001220703125,466.510009765625,452.07000732421875,452.2900085449219,426.91217041015625,7936500,0.01541054444123402,4816,3339,-0.125,-0.042443361055348405,1,
2021-12-02,452.5199890136719,460.8800048828125,452.1099853515625,459.260009765625,433.4911193847656,10040900,-0.008971084583154099,4739,3547,-0.015988372093023284,0.06229410002994906,0,
2021-12-03,460.9599914550781,462.0899963378906,450.739990234375,455.1400146484375,429.60223388671875,9923900,0.012040386423271876,4553,3319,-0.03924878666385312,-0.06427967296306736,1,
2021-12-06,458.010009765625,462.6199951171875,455.3800048828125,460.6199951171875,434.7748107910156,6552900,0.020776178288573588,4691,3494,0.03030968592137051,0.0527267249171437,1,
2021-12-07,466.2799987792969,470.75,466.2300109863281,470.19000244140625,443.8077697753906,6659000,0.00263726945208842,4727,3371,0.007674269878490625,-0.03520320549513456,1,
2021-12-08,470.6000061035156,471.8999938964844,468.7099914550781,471.42999267578125,444.97821044921875,4992000,-0.006745469426541861,4606,3297,-0.025597630632536506,-0.021951943043607258,0,
2021-12-09,470.04998779296875,471.0,468.0400085449219,468.25,441.97662353515625,5550900,0.009589171624884596,4200,3089,-0.08814589665653494,-0.06308765544434336,1,
2021-12-10,471.1400146484375,472.80999755859375,468.4200134277344,472.739990234375,446.2148132324219,5628000,-0.008853428637299987,3478,2812,-0.1719047619047619,-0.08967303334412435,0,
2021-12-13,470.6600036621094,470.94000244140625,466.7099914550781,467.07000732421875,442.2642822265625,8930000,-0.0070654278505637436,3836,3146,0.10293271995399644,0.11877667140825032,0,
2021-12-14,463.4800109863281,466.1199951171875,460.6099853515625,463.7699890136719,439.1394958496094,10305900,0.015719065613702288,3810,3300,-0.006777893639207555,0.04895104895104896,1,
2021-12-15,463.8299865722656,471.2699890136719,461.1400146484375,471.05999755859375,446.0423583984375,7050800,-0.009170756044301287,4139,3058,0.08635170603674536,-0.07333333333333336,0,
2021-12-16,472.9599914550781,473.2799987792969,465.1700134277344,466.739990234375,441.9518127441406,7865900,-0.009919915767824805,4163,3162,0.00579850205363619,0.034009156311314515,0,
2021-12-17,463.5199890136719,466.7300109863281,460.05999755859375,462.1099853515625,437.56768798828125,8428300,-0.011230963289859286,3727,2737,-0.10473216430458798,-0.13440860215053763,0,
2021-12-20,456.4599914550781,457.3999938964844,453.1000061035156,456.9200134277344,432.65338134765625,7001100,0.017814677750577657,4260,3433,0.14301046418030583,0.25429302155644873,1,
2021-12-21,460.57000732421875,465.239990234375,458.32000732421875,465.05999755859375,440.3609619140625,6333000,0.010084860802835882,3674,3076,-0.13755868544600935,-0.10399067870667056,1,
2021-12-22,464.79998779296875,469.8699951171875,464.6499938964844,469.75,444.80194091796875,4833200,0.00613100134680189,2970,2644,-0.19161676646706582,-0.14044213263979188,1,
2021-12-23,470.82000732421875,474.2300109863281,470.7099914550781,472.6300048828125,447.5290222167969,4368800,0.014323919913157068,2878,2648,-0.03097643097643099,0.001512859304084735,1,
2021-12-27,474.0799865722656,479.3999938964844,474.0799865722656,479.3999938964844,453.93939208984375,4128500,-0.0007715793126658044,3627,2841,0.2602501737317582,0.07288519637462243,0,
2021-12-28,479.8399963378906,480.8999938964844,478.1199951171875,479.0299987792969,453.5891418457031,4262300,0.001043852643127119,4325,2771,0.192445547284257,-0.02463921154523052,1,
2021-12-29,479.0799865722656,480.6400146484375,478.0,479.5299987792969,454.0626220703125,3312100,-0.002815496812764273,4316,2986,-0.002080924855491384,0.07758931793576318,0,
2021-12-30,480.0400085449219,481.0899963378906,477.760009765625,478.17999267578125,452.7842102050781,4030600,-0.0024885364686655365,4149,2716,-0.03869323447636697,-0.09042196918955125,0,
2021-12-31,477.6600036621094,478.92999267578125,476.75,476.989990234375,451.6574401855469,3980100,0.005975103498933265,3279,2260,-0.2096890817064353,-0.16789396170839466,1,
2022-01-03,478.3800048828125,479.8999938964844,475.9100036621094,479.8399963378906,454.35614013671875,5560300,-0.0003334152318639205,4616,3376,0.4077462641049101,0.4938053097345132,0,
2022-01-04,481.3699951171875,482.07000732421875,477.6600036621094,479.67999267578125,454.20465087890625,5452000,-0.01949234911590636,5435,3547,0.177426343154246,0.050651658767772556,0,
2022-01-05,479.2699890136719,480.0299987792969,470.2900085449219,470.3299865722656,445.35113525390625,7211400,-0.0007440418066798626,5210,3188,-0.041398344066237325,-0.10121229207781224,0,
2022-01-06,469.95001220703125,472.8500061035156,467.4800109863281,469.9800109863281,445.019775390625,5959100,-0.0040002309632263255,5460,3090,0.04798464491362764,-0.03074027603513174,0,
2022-01-07,470.0199890136719,471.25,466.6700134277344,468.1000061035156,443.2395935058594,7673600,-0.0018800508810371541,4566,2757,-0.1637362637362637,-0.10776699029126213,0,
2022-01-10,464.69000244140625,467.7799987792969,458.5899963378906,467.2200012207031,442.4062805175781,8975900,0.009866957250957098,5744,3046,0.257993867717915,0.10482408414943789,1,
2022-01-11,467.260009765625,471.8999938964844,464.04998779296875,471.8299865722656,446.771484375,7552000,0.0026492833785798364,5079,3200,-0.11577298050139273,0.050558108995403916,1,
2022-01-12,473.7300109863281,475.260009765625,470.9700012207031,473.0799865722656,447.9551086425781,8938600,-0.013718685435313849,4552,3185,-0.10376058279188816,-0.004687499999999956,0,
2022-01-13,474.2200012207031,474.9200134277344,465.489990234375,466.5899963378906,441.80975341796875,5351100,0.00034302161008503695,4714,3062,0.03558875219683655,-0.0386185243328101,1,
2022-01-14,463.1400146484375,467.0799865722656,461.8999938964844,466.75,441.9613037109375,9652900,-0.017675505938743563,4414,2809,-0.06364022061943153,-0.08262573481384716,0,
2022-01-18,461.70001220703125,461.94000244140625,457.3299865722656,458.5,434.1494140625,9681700,-0.010337962161104386,4795,3328,0.08631626642501122,0.18476326094695628,0,
2022-01-19,460.0,461.6000061035156,453.42999267578125,453.760009765625,429.66119384765625,6260800,-0.01110721409222637,5096,3318,0.06277372262773717,-0.0030048076923077094,0,
2022-01-20,455.739990234375,460.75,448.2099914550781,448.7200012207031,424.88885498046875,8907300,-0.01947753455170309,4912,3283,-0.03610675039246469,-0.010548523206751037,0,
2022-01-21,447.5799865722656,450.010009765625,439.8699951171875,439.9800109863281,416.6130676269531,13981000,0.003500108449009165,6341,3621,0.29092019543973935,0.10295461468169353,1,
2022-01-24,433.95001220703125,442.32000732421875,422.55999755859375,441.5199890136719,418.0712585449219,18241000,-0.011505793811228737,9904,4916,0.5618987541397256,0.35763601215133933,0,
2022-01-25,434.989990234375,441.6300048828125,429.010009765625,436.44000244140625,413.2610168457031,14720000,-0.002314104903972103,8054,4041,-0.18679321486268174,-0.1779902359641985,0,
2022-01-26,442.7099914550781,446.07000732421875,430.760009765625,435.42999267578125,412.3046875,14881700,-0.005213243131217404,7187,3395,-0.10764837347901668,-0.159861420440485,0,
2022-01-27,440.19000244140625,443.5,431.3299865722656,433.1600036621094,410.1552429199219,17529800,0.024448274314959217,6736,3599,-0.062752191456797,0.06008836524300443,1,
2022-01-28,434.6400146484375,443.8800048828125,429.67999267578125,443.75,420.1828308105469,13069600,0.01807307101524347,5554,3220,-0.1754750593824228,-0.10530702973048067,1,
2022-01-31,443.1099853515625,452.239990234375,441.7699890136719,451.7699890136719,427.7768249511719,8537700,0.006906349405534806,4823,3141,-0.13161685271876122,-0.024534161490683215,1,
2022-02-01,452.69000244140625,455.5899963378906,448.8900146484375,454.8900146484375,430.731201171875,8777800,0.009606708137903652,4710,3546,-0.023429400787891352,0.1289398280802292,1,
2022-02-02,457.57000732421875,460.1400146484375,455.0400085449219,459.260009765625,434.8691101074219,8744100,-0.02321121762417433,4770,3461,0.01273885350318471,-0.023970671178793035,0,
2022-02-03,452.9200134277344,454.95001220703125,447.67999267578125,448.6000061035156,424.7752685546875,7835200,0.005015505384137198,4945,3584,0.0366876310272537,0.03553886160069353,1,
2022-02-04,448.239990234375,454.7699890136719,445.79998779296875,450.8500061035156,426.9057312011719,7108900,-0.0035488271477985833,4464,3013,-0.09726996966632961,-0.1593191964285714,0,
2022-02-07,451.510009765625,452.9700012207031,447.82000732421875,449.25,425.3907165527344,6353200,0.007946508849896228,3876,3243,-0.13172043010752688,0.07633587786259532,1,
2022-02-08,448.7099914550781,453.8800048828125,447.17999267578125,452.82000732421875,428.7710876464844,4955500,0.014751987744316297,3876,3247,0.0,0.0012334258402713072,1,
2022-02-09,457.260009765625,459.80999755859375,457.0299987792969,459.5,435.0963134765625,7144600,-0.017671307397871483,3995,3028,0.030701754385964897,-0.0674468740375731,0,
2022-02-10,453.3900146484375,459.7200012207031,449.20001220703125,451.3800048828125,427.4075927734375,7476000,-0.02000529514129379,3954,3173,-0.010262828535669621,0.047886393659180904,0,
2022-02-11,451.3399963378906,453.57000732421875,440.8800048828125,442.3500061035156,418.857177734375,9436900,-0.0032552739824637245,3558,2963,-0.10015174506828528,-0.06618342262842736,0,
2022-02-14,441.8800048828125,443.5299987792969,437.260009765625,440.9100036621094,417.4936828613281,8249000,0.01608033897757477,3997,2898,0.12338392355255756,-0.021937225784677716,1,
2022-02-15,445.6400146484375,448.239990234375,445.1300048828125,448.0,424.2071228027344,6722700,0.0011384548911799186,3723,3269,-0.06855141356017014,0.1280193236714975,1,
2022-02-16,445.760009765625,450.010009765625,443.8900146484375,448.510009765625,424.6900634765625,6315600,-0.020980589302688313,3597,3136,-0.03384367445608383,-0.0406852248394004,0,
2022-02-17,445.17999267578125,445.7200012207031,438.3500061035156,439.1000061035156,415.7798156738281,6435600,-0.006900478286070766,3536,3197,-0.016958576591604158,0.019451530612244916,0,
2022-02-18,439.3399963378906,440.5899963378906,433.7200012207031,436.07000732421875,412.9107360839844,8059100,-0.010846946832281601,3436,3018,-0.02828054298642535,-0.05598999061620269,0,
2022-02-22,433.75,437.3999938964844,427.7099914550781,431.3399963378906,408.4319152832031,9939000,-0.018222292723643174,4178,3513,0.21594877764842835,0.16401590457256465,0,
2022-02-23,434.4800109863281,435.1499938964844,423.1700134277344,423.4800109863281,400.9893493652344,11345100,0.015726787816298105,4224,3510,0.011010052656773572,-0.0008539709649871829,1,
2022-02-24,412.79998779296875,430.6099853515625,412.3999938964844,430.1400146484375,407.2956237792969,19259900,0.022016050485442973,6439,6631,0.5243844696969697,0.8891737891737892,1,
2022-02-25,431.44000244140625,439.7699890136719,429.760009765625,439.6099853515625,416.2626647949219,9651300,-0.002024326076907834,4198,4162,-0.34803540922503495,-0.3723420298597496,0,
2022-02-28,433.92999267578125,440.1199951171875,432.6000061035156,438.7200012207031,415.4200134277344,11174000,-0.015499743874794913,3510,3462,-0.16388756550738448,-0.16818837097549255,0,
2022-03-01,437.0,439.0899963378906,429.0899963378906,431.9200134277344,408.9811096191406,14288700,0.018244086684968686,3876,3081,0.10427350427350435,-0.11005199306759095,1,
2022-03-02,434.30999755859375,441.4700012207031,433.4700012207031,439.79998779296875,416.4425964355469,8947200,-0.004797672811010956,3873,3195,-0.0007739938080495445,0.03700097370983446,0,
2022-03-03,442.44000244140625,443.0299987792969,435.760009765625,437.69000244140625,414.44464111328125,9927000,-0.008544811458646384,4124,3103,0.06480764265427319,-0.028794992175273815,0,
2022-03-04,433.75,435.260009765625,429.739990234375,433.95001220703125,410.9032897949219,8081100,-0.029381233391949313,3911,2968,-0.05164888457807948,-0.04350628424105707,0,
2022-03-07,433.44000244140625,433.69000244140625,421.19000244140625,421.20001220703125,398.8304443359375,8790100,-0.007455117027661773,4605,3134,0.1774482229608796,0.055929919137466255,0,
2022-03-08,421.42999267578125,429.0,416.9100036621094,418.05999755859375,395.85711669921875,14798500,0.026910338292276847,4871,3186,0.057763300760043323,0.01659221442246328,1,
2022-03-09,427.0400085449219,431.3699951171875,424.6600036621094,429.30999755859375,406.509765625,7703000,-0.004588862650324543,4164,3061,-0.1451447341408335,-0.039234149403640894,0,
2022-03-10,424.3699951171875,428.260009765625,422.260009765625,427.3399963378906,404.64434814453125,8046600,-0.01247244781922785,3667,3161,-0.11935638808837656,0.03266906239790912,0,
2022-03-11,430.04998779296875,430.6300048828125,421.3599853515625,422.010009765625,399.5974426269531,11299700,-0.007559182218371818,3414,2856,-0.06899372784292335,-0.0964884530211958,0,
2022-03-14,422.8999938964844,426.3599853515625,417.6000061035156,418.82000732421875,396.5768127441406,8925100,0.022014417974750122,4187,2898,0.2264206209724664,0.014705882352941124,1,
2022-03-15,421.5400085449219,428.67999267578125,420.239990234375,428.0400085449219,405.3072204589844,7882600,0.02214725022545183,3759,2760,-0.10222116073561027,-0.04761904761904767,1,
2022-03-16,431.92999267578125,437.5899963378906,426.6700134277344,437.5199890136719,414.2836608886719,7961700,0.012433733249936463,3651,2462,-0.02873104549082206,-0.10797101449275359,1,
2022-03-17,435.44000244140625,443.0799865722656,435.1400146484375,442.9599914550781,419.43475341796875,6514500,0.010700858073878994,3106,2437,-0.14927417145987398,-0.010154346060113784,1,
2022-03-18,441.3599853515625,448.239990234375,440.55999755859375,447.70001220703125,423.9230651855469,5276000,-0.00020120780836030416,3409,2128,0.09755312298776553,-0.12679524004924092,0,
2022-03-21,447.7200012207031,449.8299865722656,444.0199890136719,447.6099853515625,423.8377685546875,5679100,0.012198167149998662,3606,2864,0.05778820768553827,0.34586466165413543,1,
2022-03-22,449.2200012207031,453.9599914550781,449.2200012207031,453.07000732421875,429.0078125,5356400,-0.012536663108007162,3666,2748,0.016638935108153063,-0.04050279329608941,0,
2022-03-23,450.3599853515625,451.8699951171875,447.1199951171875,447.3900146484375,423.6294860839844,5558000,0.014467033836639054,3461,2696,-0.055919258046917664,-0.018922852983988325,1,
2022-03-24,447.7900085449219,452.3900146484375,446.6499938964844,452.3599853515625,429.7581481933594,3491500,0.005040293446070487,3321,2586,-0.040450736781277086,-0.04080118694362023,1,
2022-03-25,453.1000061035156,454.95001220703125,450.3599853515625,454.6400146484375,431.92425537109375,6909400,0.007016387845825811,2969,2437,-0.10599217103282144,-0.05761794276875487,1,
2022-03-28,453.95001220703125,457.8599853515625,452.0,457.8299865722656,434.9548034667969,4230300,0.01275605943870306,3232,2695,0.08858201414617706,0.10586787033237588,1,
2022-03-29,462.010009765625,464.04998779296875,458.04998779296875,463.6700134277344,440.50311279296875,5716800,-0.006211409045858929,3604,2505,0.11509900990099009,-0.0705009276437848,0,
2022-03-30,462.510009765625,463.1700134277344,458.44000244140625,460.7900085449219,437.7669677734375,5738700,-0.015408287409440669,3312,2669,-0.08102108768035521,0.06546906187624746,0,
2022-03-31,459.9100036621094,460.7200012207031,453.4700012207031,453.69000244140625,431.021728515625,6553400,0.002424573695881893,3526,2429,0.06461352657004826,-0.08992131884600973,1,
2022-04-01,455.260009765625,455.4200134277344,451.0799865722656,454.7900085449219,432.0667724609375,5257400,0.008817086976630195,3287,2361,-0.06778218944980152,-0.02799505969534788,1,
2022-04-04,455.17999267578125,458.9100036621094,454.239990234375,458.79998779296875,435.8763427734375,4052100,-0.012881231377945834,3592,2434,0.09278977791299048,0.030919102075391836,0,
2022-04-05,457.239990234375,459.7900085449219,451.82000732421875,452.8900146484375,430.26171875,4425600,-0.00971528389334253,3404,2597,-0.0523385300668151,0.0669679539852095,0,
2022-04-06,448.7900085449219,450.8800048828125,445.4200134277344,448.489990234375,426.08160400390625,6035500,0.004949705060406817,3356,2648,-0.014101057579318454,0.019638043896804014,1,
2022-04-07,447.5400085449219,452.6199951171875,445.45001220703125,450.7099914550781,428.1905822753906,5313200,-0.0026624000985250307,3241,2585,-0.034266984505363474,-0.0237915407854985,0,
2022-04-08,449.9700012207031,452.55999755859375,447.9100036621094,449.510009765625,427.0505676269531,4962800,-0.01728548200594371,2911,2352,-0.1018204257945079,-0.09013539651837521,0,
2022-04-11,446.0199890136719,446.8900146484375,441.29998779296875,441.739990234375,419.6687927246094,4955000,-0.0038257795923081206,3714,2551,0.2758502232909652,0.08460884353741505,0,
2022-04-12,445.04998779296875,447.6499938964844,438.55999755859375,440.04998779296875,418.063232421875,5272500,0.011703326993255603,3706,2478,-0.002154011847065207,-0.0286162289298314,1,
2022-04-13,440.04998779296875,445.9800109863281,439.739990234375,445.20001220703125,422.9559631347656,7292500,-0.0123540514426973,3425,2220,-0.07582298974635726,-0.10411622276029053,0,
2022-04-14,445.44000244140625,446.6499938964844,439.57000732421875,439.70001220703125,417.7307434082031,4409800,0.0003637439280734789,3163,2056,-0.0764963503649635,-0.0738738738738739,1,
2022-04-18,438.7099914550781,441.6400146484375,437.5299987792969,439.8599853515625,417.8826904296875,4631500,0.01614168513084624,2856,2733,-0.09705975339867212,0.3292801556420233,1,
2022-04-19,439.75,447.7300109863281,439.5799865722656,446.9599914550781,424.6280212402344,5184900,-0.0008948405338973231,3406,2644,0.1925770308123249,-0.03256494694474932,0,
2022-04-20,448.8800048828125,449.5,445.4100036621094,446.55999755859375,424.248046875,4293900,-0.01448881292728399,3379,2530,-0.007927187316500328,-0.0431164901664145,0,
2022-04-21,450.55999755859375,451.9700012207031,439.0199890136719,440.0899963378906,418.1011962890625,5260100,-0.027971422607030227,3232,2409,-0.043503995264871254,-0.047826086956521685,0,
2022-04-22,438.79998779296875,439.0899963378906,427.29998779296875,427.7799987792969,406.40631103515625,7928900,0.0061713784705133,3198,2571,-0.010519801980197974,0.06724782067247825,1,
2022-04-25,425.4700012207031,430.5299987792969,420.6400146484375,430.4200134277344,408.9143981933594,7913100,-0.029111132389160077,3857,2776,0.20606629143214517,0.07973551147413449,0,
2022-04-26,427.70001220703125,427.8699951171875,417.8399963378906,417.8900146484375,397.01043701171875,9574300,0.0030152419380751194,4296,2802,0.11381903033445684,0.009365994236311348,1,
2022-04-27,418.94000244140625,424.7300109863281,416.82000732421875,419.1499938964844,398.20751953125,9798300,0.0251221906271879,4081,2629,-0.05004655493482313,-0.061741613133476037,1,
2022-04-28,424.1000061035156,431.4800109863281,419.42999267578125,429.67999267578125,408.21136474609375,5563200,-0.037516362932267344,3591,2461,-0.12006861063464835,-0.06390262457208062,0,
2022-04-29,425.4800109863281,427.67999267578125,412.9800109863281,413.55999755859375,392.8967590332031,8744800,0.006432046253503465,3273,2283,-0.0885547201336675,-0.07232832182039817,1,
2022-05-02,413.6199951171875,417.67999267578125,406.79998779296875,416.2200012207031,395.42388916015625,9393900,0.004636786355129319,3028,2189,-0.07485487320501072,-0.04117389399912397,1,
2022-05-03,416.82000732421875,420.7300109863281,415.1600036621094,418.1499938964844,397.25738525390625,7359700,0.03010886257012757,2858,2100,-0.056142668428005305,-0.04065783462768391,1,
2022-05-04,418.8699951171875,431.5,415.4800109863281,430.739990234375,409.2183532714844,9572600,-0.03549694401640302,2879,2507,0.007347795661301504,0.19380952380952388,0,
2022-05-05,426.3500061035156,426.42999267578125,411.20001220703125,415.45001220703125,394.6923522949219,11436800,-0.005391672135117487,3207,2741,0.11392844737756169,0.09333865177502987,0,
2022-05-06,412.8699951171875,416.54998779296875,407.4800109863281,413.2099914550781,392.5643005371094,8978400,-0.03216282414173943,4839,2712,0.5088868101028998,-0.010580080262677871,0,
2022-05-09,406.79998779296875,408.0899963378906,398.2799987792969,399.9200134277344,379.9383239746094,8724200,0.0019752897612406173,6187,2998,0.27856995246951843,0.10545722713864314,1,
2022-05-10,406.2099914550781,407.760009765625,396.510009765625,400.7099914550781,380.6888122558594,10355200,-0.01577188694520326,6732,3720,0.0880879262970744,0.2408272181454303,0,
2022-05-11,399.7799987792969,405.69000244140625,393.6199951171875,394.3900146484375,374.68463134765625,8473100,-0.001470800720593024,5136,3104,-0.2370766488413547,-0.16559139784946242,0,
2022-05-12,391.0299987792969,397.45001220703125,386.7799987792969,393.80999755859375,374.133544921875,7557400,0.024377206840545007,5884,3214,0.14563862928348903,0.035438144329897,1,
2022-05-13,398.3800048828125,404.8800048828125,397.3399963378906,403.4100036621094,383.2538757324219,5360400,-0.004214050716238149,4440,2603,-0.24541128484024477,-0.19010578718108273,0,
2022-05-16,401.69000244140625,405.739990234375,399.32000732421875,401.7099914550781,381.6388244628906,4944400,0.020711459024443712,3646,2607,-0.17882882882882878,0.0015366884364194089,1,
2022-05-17,408.239990234375,410.3299865722656,404.3299865722656,410.0299987792969,389.5431213378906,5230400,-0.0401676549637594,3358,2622,-0.07899067471201315,0.005753739930955071,0,
2022-05-18,405.239990234375,405.5,392.25,393.55999755859375,373.8960876464844,6217200,-0.006250659595503638,4917,2848,0.4642644431209053,0.08619374523264689,0,
2022-05-19,390.1700134277344,395.739990234375,388.739990234375,391.1000061035156,371.5589904785156,7168700,0.0005113654797090916,6069,2992,0.23428920073215376,0.050561797752809,1,
2022-05-20,394.9100036621094,395.489990234375,382.1700134277344,391.29998779296875,371.7489929199219,7447800,0.018681159278711057,5059,2525,-0.16641950898006264,-0.1560828877005348,1,
2022-05-23,394.57000732421875,399.4200134277344,392.0799865722656,398.6099853515625,378.6936950683594,4936500,-0.007174933425524221,3499,2496,-0.308361336232457,-0.011485148514851495,0,
2022-05-24,394.2099914550781,396.7900085449219,388.6300048828125,395.75,375.9765930175781,5415800,0.008844236295110663,3687,2611,0.05372963703915401,0.04607371794871784,1,
2022-05-25,394.0299987792969,401.1600036621094,393.6099853515625,399.25,379.30181884765625,5610200,0.019561488722871667,3204,2416,-0.1310008136696501,-0.07468402910762162,1,
2022-05-26,400.42999267578125,408.79998779296875,400.20001220703125,407.05999755859375,386.7215270996094,4283400,0.025033279827299193,2974,2246,-0.07178526841448185,-0.07036423841059603,1,
2022-05-27,409.7099914550781,417.25,409.489990234375,417.25,396.4024353027344,4078600,-0.005703995938199924,2586,1967,-0.1304640215198386,-0.12422083704363318,0,
2022-05-31,415.3599853515625,418.29998779296875,411.8299865722656,414.8699951171875,394.141357421875,5773900,-0.00809896909259955,2562,2159,-0.009280742459396807,0.09761057447890198,0,
2022-06-01,416.989990234375,418.04998779296875,408.75,411.510009765625,390.94921875,6646200,0.01883304045142542,2420,2151,-0.05542544886807177,-0.0037054191755442334,1,
2022-06-02,411.25,419.2900085449219,408.8399963378906,419.260009765625,398.3119812011719,4391500,-0.01640988770436025,2201,2019,-0.09049586776859508,-0.06136680613668066,0,
2022-06-03,414.2099914550781,415.8399963378906,411.32000732421875,412.3800048828125,391.7757263183594,4039000,0.0030069232768750176,2065,2107,-0.06179009541117675,0.04358593363051022,1,
2022-06-06,416.69000244140625,418.4100036621094,412.3599853515625,413.6199951171875,392.9537658691406,3028600,0.009284026967665948,2278,2017,0.1031476997578693,-0.04271476032273369,1,
2022-06-07,409.8399963378906,418.0400085449219,409.3999938964844,417.4599914550781,396.6019592285156,4627500,-0.010827453957812594,2354,2149,0.03336259877085168,0.06544372830937029,0,
2022-06-08,415.75,417.6199951171875,412.19000244140625,412.94000244140625,392.3077697753906,3379400,-0.023482978521978115,2043,1975,-0.13211554800339842,-0.08096789204281063,0,
2022-06-09,409.7900085449219,412.1499938964844,401.8900146484375,401.989990234375,383.09521484375,3994400,-0.029503402461702355,1922,1891,-0.05922662750856589,-0.0425316455696203,0,
2022-06-10,395.29998779296875,396.1000061035156,390.0899963378906,390.1300048828125,371.7926025390625,8654200,-0.0384485631499889,2248,2004,0.1696149843912591,0.059756742464304624,0,
2022-06-13,380.1700134277344,382.1499938964844,373.6300048828125,375.1300048828125,357.4977111816406,13018400,-0.00266593025643036,6234,2836,1.7731316725978647,0.4151696606786428,0,
2022-06-14,377.20001220703125,378.239990234375,370.8900146484375,374.1300048828125,356.5446472167969,12557900,0.014246372265263485,5895,2804,-0.05437921077959573,-0.01128349788434413,1,
2022-06-15,377.69000244140625,384.239990234375,372.44000244140625,379.4599914550781,361.6241149902344,9075800,-0.03286243810918743,4971,2443,-0.15674300254452922,-0.12874465049928674,0,
2022-06-16,370.8299865722656,371.2300109863281,364.3599853515625,366.989990234375,349.7402648925781,10548900,0.00182560841179491,4885,2740,-0.017300341983504275,0.1215718379042161,1,
2022-06-17,367.44000244140625,371.2699890136719,364.0299987792969,367.6600036621094,350.3787536621094,13277800,0.025431115236885793,4080,2097,-0.1647901740020471,-0.23467153284671538,1,
2022-06-21,373.739990234375,378.45001220703125,373.6300048828125,377.010009765625,359.2892761230469,6635600,-0.001724086528452684,3984,2466,-0.02352941176470591,0.1759656652360515,0,
2022-06-22,372.57000732421875,380.6600036621094,372.0899963378906,376.3599853515625,358.6698303222656,5115400,0.010017023042752093,4038,2384,0.013554216867469826,-0.03325223033252234,1,
2022-06-23,378.5799865722656,380.760009765625,374.7699890136719,380.1300048828125,362.26263427734375,7789000,0.031226249138419204,3353,2155,-0.16963843486874686,-0.09605704697986572,1,
2022-06-24,383.3399963378906,392.0799865722656,383.3399963378906,392.0,373.5747375488281,4803100,-0.003622573653755845,2688,2045,-0.1983298538622129,-0.051044083526682105,0,
2022-06-27,393.0400085449219,393.3599853515625,389.4100036621094,390.5799865722656,372.221435546875,7858300,-0.020405507867867323,3399,2098,0.2645089285714286,0.02591687041564783,0,
2022-06-28,392.1400146484375,395.1400146484375,382.5,382.6099853515625,364.6260681152344,5630500,-0.0007057208500755863,3734,1999,0.09855839952927337,-0.047187797902764506,0,
2022-06-29,383.1700134277344,384.2200012207031,380.3999938964844,382.3399963378906,364.3687438964844,3905800,-0.008343303626953458,3450,1968,-0.07605784681306904,-0.01550775387693848,0,
2022-06-30,378.20001220703125,382.5799865722656,374.5199890136719,379.1499938964844,361.3287048339844,7321100,0.010391621837769094,3558,1880,0.03130434782608704,-0.04471544715447151,1,
2022-07-01,378.5199890136719,383.6400146484375,375.7699890136719,383.0899963378906,365.08349609375,5267700,0.0021406737542648546,3403,1806,-0.043563799887577304,-0.03936170212765955,1,
2022-07-05,377.8699951171875,383.9700012207031,374.8299865722656,383.9100036621094,365.8650207519531,5097000,0.003568287211294985,2880,1993,-0.15368792242139284,0.1035437430786268,1,
2022-07-06,384.1099853515625,387.8599853515625,381.5899963378906,385.2799987792969,367.1705322265625,4982800,0.014820415571065393,2960,2047,0.02777777777777768,0.02709483191169082,1,
2022-07-07,387.1600036621094,391.8399963378906,387.1199951171875,390.989990234375,372.6121520996094,4786300,-0.0007928087009116958,2817,1980,-0.04831081081081079,-0.032730825598436764,0,
2022-07-08,389.260009765625,392.6400146484375,387.6700134277344,390.67999267578125,372.3167419433594,3757200,-0.011390503746903202,2326,2020,-0.17429889953851618,0.02020202020202011,0,
2022-07-11,387.8500061035156,388.8500061035156,385.5,386.2300109863281,368.07586669921875,3602000,-0.00898408189627653,3282,1825,0.41100601891659494,-0.09653465346534651,0,
2022-07-12,385.70001220703125,388.1499938964844,380.9599914550781,382.760009765625,364.76904296875,3906600,-0.005120829077688516,3414,1857,0.040219378427788,0.017534246575342527,0,
2022-07-13,377.010009765625,383.8800048828125,376.5799865722656,380.79998779296875,362.901123046875,4665200,-0.0024159184038674564,3299,1739,-0.03368482718219101,-0.06354334948842222,0,
2022-07-14,375.54998779296875,380.489990234375,372.9700012207031,379.8800048828125,362.0243835449219,4885900,0.01908493051607052,2865,1907,-0.13155501667171865,0.09660724554341571,1,
2022-07-15,384.54998779296875,387.2200012207031,382.510009765625,387.1300048828125,368.93359375,3959000,-0.008085139681514475,2352,2010,-0.1790575916230367,0.0540115364446776,0,
2022-07-18,390.3599853515625,391.04998779296875,382.6499938964844,384.0,365.9507141113281,3743600,0.026875013603416376,2668,1953,0.13435374149659873,-0.028358208955223896,1,
2022-07-19,388.0299987792969,394.8900146484375,387.3999938964844,394.32000732421875,375.78564453125,4684000,0.006187882418214885,2451,2144,-0.08133433283358316,0.09779825908858175,1,
2022-07-20,394.45001220703125,398.30999755859375,393.0899963378906,396.760009765625,378.1109619140625,4862300,0.010207636195171288,2907,2097,0.18604651162790709,-0.02192164179104472,1,
2022-07-21,396.20001220703125,400.9100036621094,393.7099914550781,400.80999755859375,381.9705810546875,8258600,-0.008906945536788058,2617,2098,-0.09975920192638454,0.0004768717215068996,0,
2022-07-22,400.989990234375,402.239990234375,394.79998779296875,397.239990234375,378.5683898925781,6173800,0.0010321703574442953,2437,1824,-0.06878104700038212,-0.13060057197330788,1,
2022-07-25,397.82000732421875,398.54998779296875,395.2900085449219,397.6499938964844,378.9591369628906,3960300,-0.011869557833140698,2265,1924,-0.07057858022158392,0.054824561403508776,0,
2022-07-26,395.8599853515625,396.0899963378906,391.9800109863281,392.92999267578125,374.4610595703125,4115500,0.025856985218013495,2453,2122,0.08300220750551879,0.10291060291060283,1,
2022-07-27,396.45001220703125,404.9800109863281,396.17999267578125,403.0899963378906,384.14349365234375,4904500,0.012701771757538838,2476,1914,0.009376273950264968,-0.09802073515551368,1,
2022-07-28,403.9700012207031,408.9100036621094,400.260009765625,408.2099914550781,389.0227966308594,5250400,0.01486974033102495,2385,2076,-0.03675282714054928,0.08463949843260199,1,
2022-07-29,409.8299865722656,415.20001220703125,408.9200134277344,414.2799987792969,394.8074645996094,4438300,-0.0032102370161484206,2148,1849,-0.09937106918238992,-0.109344894026975,0,
2022-08-01,411.3399963378906,415.5799865722656,410.57000732421875,412.95001220703125,393.5400390625,3757500,-0.0063689560405474355,3619,1996,0.6848230912476723,0.07950243374797195,0,
2022-08-02,411.2699890136719,415.1499938964844,408.95001220703125,410.32000732421875,391.0335998535156,4000300,0.015597668969544287,4118,2126,0.13788339320254206,0.06513026052104198,1,
2022-08-03,412.489990234375,417.8999938964844,412.2099914550781,416.7200012207031,397.1328125,4612000,-0.0009599448193102766,3871,2197,-0.059980573093734835,0.033396048918156174,0,
2022-08-04,416.57000732421875,417.260009765625,414.6499938964844,416.32000732421875,396.7515869140625,4000200,-0.0017534364924624013,3983,2026,0.02893309222423146,-0.07783340919435588,0,
2022-08-05,411.8299865722656,416.3500061035156,411.7799987792969,415.5899963378906,396.055908203125,2971100,-0.0008662378370715151,2667,1897,-0.33040421792618624,-0.06367226061204345,0,
2022-08-08,417.5,419.8399963378906,414.0,415.2300109863281,395.71282958984375,4297800,-0.004190343308152489,2373,2104,-0.11023622047244097,0.10911966262519779,0,
2022-08-09,414.42999267578125,414.8900146484375,412.3800048828125,413.489990234375,394.0546569824219,2491400,0.020943461791677054,2566,2203,0.08133164770332901,0.04705323193916344,1,
2022-08-10,421.010009765625,422.3599853515625,418.9700012207031,422.1499938964844,402.3075256347656,3837200,0.0003553869724162162,2657,2033,0.035463756819953174,-0.07716749886518381,1,
2022-08-11,425.260009765625,427.2099914550781,421.4700012207031,422.29998779296875,402.45050048828125,4909900,0.016457481168907107,2382,1720,-0.10350018818216034,-0.15395966551893758,1,
2022-08-12,424.29998779296875,429.4800109863281,423.2799987792969,429.25,409.0738220214844,4492300,0.004403063411916541,2247,1773,-0.05667506297229219,0.030813953488372015,1,
2022-08-15,427.1300048828125,431.69000244140625,427.0,431.1400146484375,410.875,2596200,0.0020876363087540817,2327,2319,0.035603026257231773,0.3079526226734348,1,
2022-08-16,430.04998779296875,434.0299987792969,429.239990234375,432.0400085449219,411.7327575683594,3596400,-0.007522573762055451,2522,2432,0.08379888268156432,0.048727899956877874,0,
2022-08-17,428.20001220703125,431.80999755859375,426.80999755859375,428.7900085449219,408.6354675292969,4063600,0.0029384995721113416,2575,2441,0.02101506740681991,0.0037006578947369473,1,
2022-08-18,429.1400146484375,430.8900146484375,427.7799987792969,430.04998779296875,409.83624267578125,2709800,-0.013231156391809828,2167,2320,-0.15844660194174753,-0.04956984842277756,0,
2022-08-19,427.260009765625,427.5400085449219,423.4700012207031,424.3599853515625,404.41363525390625,4063300,-0.020972656900264175,2411,2201,0.11259806183664045,-0.05129310344827587,0,
2022-08-22,419.2799987792969,419.3900146484375,414.5799865722656,415.4599914550781,395.9320068359375,5263500,-0.002214291770400556,3932,2482,0.6308585649108254,0.1276692412539755,0,
2022-08-23,415.0899963378906,417.6000061035156,413.94000244140625,414.5400085449219,395.0552978515625,4201600,0.0031116620157691788,3763,2485,-0.04298067141403861,0.001208702659145855,1,
2022-08-24,414.3299865722656,417.32000732421875,413.5799865722656,415.8299865722656,396.2845764160156,2673800,0.014092384763165322,3099,2428,-0.17645495615200635,-0.02293762575452718,1,
2022-08-25,417.4800109863281,421.80999755859375,416.3500061035156,421.69000244140625,401.8691711425781,2383200,-0.034172057772331454,3177,2564,0.02516940948693125,0.05601317957166385,0,
2022-08-26,421.70001220703125,422.1600036621094,407.2799987792969,407.2799987792969,388.136474609375,5994500,-0.006015510058768103,2960,2339,-0.06830343090966318,-0.08775351014040567,0,
2022-08-29,404.32000732421875,407.9599914550781,403.29998779296875,404.8299865722656,385.8016357421875,4601400,-0.011461603860417724,2568,2255,-0.1324324324324324,-0.03591278324070113,0,
2022-08-30,405.9800109863281,406.2099914550781,398.1000061035156,400.19000244140625,381.3797302246094,5693700,-0.007521374442658546,2567,2245,-0.0003894080996884597,-0.0044345898004434225,0,
2022-08-31,402.0,403.29998779296875,397.0899963378906,397.17999267578125,378.51123046875,6263400,0.0034241561112036134,2532,1948,-0.013634592910011678,-0.132293986636971,1,
2022-09-01,394.8999938964844,398.82000732421875,392.05999755859375,398.5400085449219,379.80731201171875,4934100,-0.010689062077408384,2440,2372,-0.0363349131121643,0.21765913757700206,0,
2022-09-02,402.3800048828125,403.6499938964844,392.3299865722656,394.2799987792969,375.7475280761719,4179500,-0.003981889941884198,2161,2115,-0.11434426229508199,-0.10834738617200679,0,
2022-09-06,395.25,396.260009765625,390.45001220703125,392.7099914550781,374.2513427734375,4866900,0.01810491126979752,4387,2268,1.0300786672836648,0.07234042553191489,1,
2022-09-07,392.4200134277344,400.6700134277344,392.2799987792969,399.82000732421875,381.0271301269531,6619500,0.006302832798726454,4649,2363,0.059721905630271355,0.041887125220458454,1,
2022-09-08,397.3900146484375,402.94000244140625,396.20001220703125,402.3399963378906,383.4286804199219,4018300,0.015956777479743778,4248,2322,-0.08625510862551089,-0.017350825222175237,1,
2022-09-09,404.79998779296875,409.6700134277344,404.6499938964844,408.760009765625,389.5469665527344,2589100,0.010788602138323222,3952,2042,-0.06967984934086624,-0.12058570198105079,1,
2022-09-12,410.9599914550781,413.94000244140625,410.6499938964844,413.1700134277344,393.7496337890625,2797200,-0.043638123423353825,3604,2592,-0.08805668016194335,0.26934378060724784,0,
2022-09-13,403.94000244140625,405.2099914550781,394.010009765625,395.1400146484375,376.567138671875,5094900,0.0038214324382674913,5012,2878,0.3906770255271921,0.11033950617283961,1,
2022-09-14,396.4599914550781,398.239990234375,393.1400146484375,396.6499938964844,378.00616455078125,4272500,-0.01154675902954394,4129,3124,-0.17617717478052675,0.08547602501737317,0,
2022-09-15,395.05999755859375,398.0299987792969,390.82000732421875,392.07000732421875,373.64141845703125,4178100,-0.007575214305864941,3367,2883,-0.18454831678372485,-0.0771446862996159,0,
2022-09-16,387.7300109863281,389.8599853515625,385.69000244140625,389.1000061035156,370.8110046386719,5107500,0.00778726554401854,3220,2911,-0.043659043659043606,0.009712105445716324,1,
2022-09-19,385.79998779296875,392.1700134277344,385.760009765625,392.1300048828125,373.6986083984375,2901200,-0.01175645689680238,2662,2931,-0.1732919254658385,0.006870491240123622,0,
2022-09-20,388.6600036621094,389.6600036621094,384.7699890136719,387.5199890136719,369.30523681640625,4101400,-0.0170567952749906,2764,2974,0.03831705484598036,0.014670760832480312,0,
2022-09-21,389.7200012207031,392.92999267578125,380.8999938964844,380.9100036621094,363.0060729980469,7367000,-0.008453816201334674,3069,2913,0.11034732272069459,-0.02051109616677871,0,
2022-09-22,380.1099853515625,381.1000061035156,376.9200134277344,377.69000244140625,359.9372863769531,7497200,-0.01660080928065588,2999,2811,-0.022808732486151895,-0.03501544799176104,0,
2022-09-23,373.9800109863281,374.0199890136719,366.70001220703125,371.4200134277344,353.9620361328125,6261200,-0.00986151120632539,3200,2646,0.06702234078026015,-0.05869797225186768,0,
2022-09-26,367.94000244140625,371.7200012207031,364.510009765625,365.8699951171875,350.471435546875,7292700,-0.0025693454199178234,6130,2751,0.9156249999999999,0.039682539682539764,0,
2022-09-27,369.5299987792969,371.92999267578125,362.3500061035156,364.92999267578125,349.5709533691406,10194700,0.01942846197919268,4282,2831,-0.301468189233279,0.029080334423845944,1,
2022-09-28,365.82000732421875,373.79998779296875,364.07000732421875,372.0199890136719,356.3625793457031,7013100,-0.020563505793168235,3352,2553,-0.2171882297991593,-0.09819851642529143,0,
2022-09-29,368.3399963378906,368.55999755859375,361.17999267578125,364.3699951171875,349.0345153808594,5705500,-0.015698298607792815,3088,2654,-0.07875894988066823,0.0395613004308657,0,
2022-09-30,363.29998779296875,367.3500061035156,358.5299987792969,358.6499938964844,343.5552673339844,7337500,0.026460479787066893,2987,2471,-0.03270725388601037,-0.06895252449133382,1,
2022-10-03,362.54998779296875,370.07000732421875,360.6700134277344,368.1400146484375,352.6459045410156,5613400,0.030613298376245268,2954,2265,-0.011047874121191792,-0.08336705787130716,1,
2022-10-04,373.8900146484375,379.5299987792969,373.8699951171875,379.4100036621094,363.4415588378906,4489600,-0.002345907001891745,2734,2182,-0.07447528774542989,-0.03664459161147904,0,
2022-10-05,374.8800048828125,381.0,372.4599914550781,378.5199890136719,362.5889587402344,5384500,-0.009880303653257205,4220,2305,0.5435259692757863,0.05637030247479369,0,
2022-10-06,377.1400146484375,380.2300109863281,374.260009765625,374.7799987792969,359.0064697265625,4463400,-0.027883213118343853,2947,2395,-0.3016587677725119,0.0390455531453362,0,
2022-10-07,370.4700012207031,370.7799987792969,362.4200134277344,364.3299865722656,348.9962158203125,4252700,-0.007438412411152617,2496,2305,-0.15303698676620292,-0.0375782881002088,0,
2022-10-10,365.4700012207031,365.70001220703125,359.1499938964844,361.6199951171875,346.4002380371094,4113900,-0.006857992838064986,3968,2494,0.5897435897435896,0.081995661605206,0,
2022-10-11,359.70001220703125,364.489990234375,357.1700134277344,359.1400146484375,344.0246276855469,5748900,-0.0032298415000302505,4958,2725,0.2494959677419355,0.09262229350441054,0,
2022-10-12,359.6700134277344,361.25,357.7699890136719,357.9800109863281,342.9134826660156,4127600,0.026621690977573387,4293,2419,-0.13412666397741024,-0.1122935779816514,1,
2022-10-13,350.6099853515625,369.0199890136719,349.5299987792969,367.510009765625,352.04241943359375,7341100,-0.022911171780605755,3385,2521,-0.21150710458886557,0.042166184373708226,0,
2022-10-14,370.0400085449219,371.7300109863281,358.42999267578125,359.0899963378906,343.9767150878906,5333400,0.0257316973739532,2423,2388,-0.28419497784342684,-0.052756842522808434,1,
2022-10-17,365.5,369.44000244140625,365.4800109863281,368.3299865722656,352.82781982421875,3907100,0.011457201520015392,2608,2518,0.07635163021048297,0.05443886097152428,1,
2022-10-18,376.69000244140625,376.9599914550781,369.0799865722656,372.54998779296875,356.8702392578125,6820800,-0.006576150144297133,2485,2458,-0.04716257668711654,-0.023828435266084247,0,
2022-10-19,370.4800109863281,373.3599853515625,367.04998779296875,370.1000061035156,354.5234069824219,4855600,-0.008511216686064915,2678,2296,0.07766599597585522,-0.06590724165988604,0,
2022-10-20,369.5199890136719,374.1700134277344,366.1400146484375,366.95001220703125,351.5059814453125,4991400,0.024144940662335745,2472,2191,-0.07692307692307687,-0.04573170731707321,1,
2022-10-21,366.6199951171875,376.3500061035156,365.1000061035156,375.80999755859375,359.9930725097656,4183600,0.012293310426624515,2278,2160,-0.07847896440129454,-0.014148790506617992,1,
2022-10-24,377.4700012207031,381.6199951171875,374.6499938964844,380.42999267578125,364.4185791015625,4184700,0.0160610246751014,2220,1799,-0.025460930640913038,-0.16712962962962963,1,
2022-10-25,380.3699951171875,386.8699951171875,380.2900085449219,386.5400085449219,370.2715148925781,4968300,-0.007554237979760625,2343,2132,0.055405405405405395,0.1851028349082824,0,
2022-10-26,383.2099914550781,389.19000244140625,382.9700012207031,383.6199951171875,367.4743957519531,5089700,-0.0053178197453933596,2793,2437,0.19206145966709354,0.14305816135084437,0,
2022-10-27,384.70001220703125,386.5899963378906,380.9100036621094,381.5799865722656,365.5202331542969,4389200,0.02345507155287141,4127,2298,0.4776226279985678,-0.057037340993024155,1,
2022-10-28,381.489990234375,391.1499938964844,381.2799987792969,390.5299987792969,374.0935363769531,4090000,-0.007016227458022883,3349,2499,-0.1885146595590017,0.08746736292428192,0,
2022-10-31,388.0299987792969,390.69000244140625,386.8599853515625,387.7900085449219,371.46881103515625,6356000,-0.003971233021888287,2477,2798,-0.2603762317109585,0.11964785914365739,0,
2022-11-01,391.7699890136719,392.0,384.95001220703125,386.25,369.9936218261719,7292200,-0.025630918501732602,2515,2689,0.015341138473960347,-0.0389563974267334,0,
2022-11-02,385.5799865722656,390.2099914550781,376.2200012207031,376.3500061035156,360.5103454589844,6802400,-0.010043846702710524,2494,2790,-0.008349900596421489,0.03756043138713272,0,
2022-11-03,372.94000244140625,375.69000244140625,370.30999755859375,372.57000732421875,356.8894348144531,3496800,0.014144875823812963,2661,2677,0.06696070569366475,-0.04050179211469529,1,
2022-11-04,378.510009765625,380.3999938964844,371.5299987792969,377.8399963378906,361.9375915527344,4572600,0.009766128433197796,2380,2434,-0.10559939872228485,-0.09077325364213673,1,
2022-11-07,379.2699890136719,382.1400146484375,377.0799865722656,381.5299987792969,365.4723205566406,3778200,0.005425526167486039,3780,2768,0.588235294117647,0.1372226787181594,1,
2022-11-08,382.67999267578125,386.67999267578125,379.2699890136719,383.6000061035156,367.4552001953125,3781200,-0.020411980228510318,3193,2939,-0.15529100529100526,0.061777456647398754,0,
2022-11-09,381.42999267578125,382.7099914550781,375.17999267578125,375.7699890136719,359.9547119140625,8459100,0.05476763196867562,2849,2732,-0.10773567178202315,-0.07043211976862873,1,
2022-11-10,389.6300048828125,396.70001220703125,387.2699890136719,396.3500061035156,379.6685791015625,4527300,0.0096381474771281,2944,2802,0.03334503334503336,0.02562225475841884,1,
2022-11-11,397.3399963378906,401.05999755859375,395.1099853515625,400.1700134277344,383.327880859375,3746200,-0.008396699341638891,2674,2650,-0.09171195652173914,-0.05424696645253391,0,
2022-11-14,398.3599853515625,401.9100036621094,396.5799865722656,396.80999755859375,380.10919189453125,6093900,0.00849293054636946,2576,2820,-0.03664921465968585,0.0641509433962264,1,
2022-11-15,402.8999938964844,404.0299987792969,396.20001220703125,400.17999267578125,383.3374328613281,6157300,-0.007346908946047392,2528,2845,-0.018633540372670843,0.00886524822695045,0,
2022-11-16,398.45001220703125,399.45001220703125,396.489990234375,397.239990234375,380.5210876464844,4086700,-0.0033731884450250993,2756,2648,0.09018987341772156,-0.0692442882249561,0,
2022-11-17,392.2099914550781,396.6499938964844,391.80999755859375,395.8999938964844,379.2375183105469,3340200,0.004748667301581966,2365,2681,-0.1418722786647315,0.012462235649546738,1,
2022-11-18,399.44000244140625,399.5,394.7300109863281,397.7799987792969,381.03839111328125,2504900,-0.003821200708064576,1987,2537,-0.15983086680761094,-0.053711301753077256,0,
2022-11-21,396.3800048828125,397.4700012207031,394.3900146484375,396.260009765625,379.5823669433594,2302800,0.013778972846053117,2280,2497,0.147458480120785,-0.01576665352778872,1,
2022-11-22,398.3299865722656,401.80999755859375,396.8800048828125,401.7200012207031,384.8126220703125,3314200,0.005974127525667061,2440,2467,0.07017543859649122,-0.012014417300760916,1,
2022-11-23,401.2699890136719,404.69000244140625,401.1099853515625,404.1199951171875,387.1115417480469,2267600,-7.410402518082115e-05,2232,2339,-0.08524590163934431,-0.051884880421564694,0,
2022-11-25,403.6099853515625,404.69000244140625,403.3299865722656,404.0899963378906,387.0828552246094,1202500,-0.015838071020726985,1733,2323,-0.22356630824372759,-0.0068405301410859876,0,
2022-11-28,400.8299865722656,402.55999755859375,396.82000732421875,397.69000244140625,380.95220947265625,2506500,-0.0017099197455235915,3024,2583,0.7449509521061743,0.11192423590185108,0,
2022-11-29,397.760009765625,399.0299987792969,395.0,397.010009765625,380.3008117675781,4447800,0.031006772191620513,3079,2505,0.018187830687830697,-0.030197444831591147,1,
2022-11-30,397.2099914550781,409.32000732421875,395.19000244140625,409.32000732421875,392.09271240234375,6014800,-0.00041539235313814427,2750,2635,-0.1068528743098408,0.05189620758483038,0,
2022-12-01,410.67999267578125,411.94000244140625,406.5299987792969,409.1499938964844,391.9298400878906,5897900,-0.0010753142802593096,2448,2816,-0.10981818181818181,0.06869070208728645,0,
2022-12-02,403.95001220703125,409.6499938964844,403.95001220703125,408.7099914550781,391.5083923339844,3624000,-0.01800794718381793,1965,2250,-0.19730392156862742,-0.20099431818181823,0,
2022-12-05,405.7300109863281,406.7200012207031,399.92999267578125,401.3500061035156,384.4581298828125,4141000,-0.014301642080076005,1981,2449,0.008142493638676918,0.08844444444444455,0,
2022-12-06,401.1400146484375,401.6499938964844,393.30999755859375,395.6099853515625,378.9597473144531,4232500,-0.0019211205118994101,2271,2475,0.14639071176173646,0.010616578195181692,0,
2022-12-07,394.4200134277344,397.32000732421875,393.6199951171875,394.8500061035156,378.2317199707031,4078000,0.007851041524711722,2023,2348,-0.1092029942756495,-0.05131313131313131,1,
2022-12-08,396.82000732421875,399.04998779296875,395.1499938964844,397.95001220703125,381.20123291015625,2484500,-0.007387919913551921,1947,2210,-0.03756796836381615,-0.05877342419080067,0,
2022-12-09,396.6400146484375,399.3399963378906,394.8500061035156,395.010009765625,378.38494873046875,3540500,0.01402485281376964,1746,2150,-0.1032357473035439,-0.02714932126696834,1,
2022-12-12,395.8699951171875,400.6600036621094,395.1099853515625,400.54998779296875,383.6917419433594,4998200,0.007983576624193356,2521,2353,0.4438717067583047,0.09441860465116281,1,
2022-12-13,410.3299865722656,410.44000244140625,399.1300048828125,402.010009765625,386.7549743652344,5899700,-0.005994703621117536,2269,2332,-0.09996033320111064,-0.008924776880578023,0,
2022-12-14,401.6099853515625,405.6000061035156,396.3599853515625,399.6000061035156,384.4364929199219,9398500,-0.02477476172312687,2200,2515,-0.030409872190392262,0.07847341337907365,0,
2022-12-15,394.3399963378906,395.25,387.8800048828125,389.70001220703125,374.91217041015625,5857600,-0.012214530714469096,2129,2380,-0.03227272727272723,-0.05367793240556662,0,
2022-12-16,386.8999938964844,388.2699890136719,382.7900085449219,384.94000244140625,370.3327941894531,6667300,-0.008312934458941879,2024,2219,-0.04931892907468294,-0.0676470588235294,0,
2022-12-19,385.260009765625,385.55999755859375,380.010009765625,381.739990234375,367.2542419433594,4289700,0.001152466718358225,1874,2032,-0.07411067193675891,-0.0842721946822893,1,
2022-12-20,380.9700012207031,383.9100036621094,379.6199951171875,382.17999267578125,367.677490234375,4451200,0.014914522309657174,2036,2206,0.08644610458911428,0.08562992125984259,1,
2022-12-21,385.1300048828125,389.1600036621094,384.44000244140625,387.8800048828125,373.1612243652344,3875500,-0.013612483150003074,2025,2357,-0.005402750491159125,0.06844968268359031,0,
2022-12-22,384.760009765625,385.0799865722656,376.489990234375,382.6000061035156,368.0815734863281,6462200,0.005201264839096442,1923,2013,-0.0503703703703704,-0.14594823928722955,1,
2022-12-23,381.44000244140625,384.760009765625,379.7699890136719,384.5899963378906,369.9960632324219,3280100,-0.0038483075472175443,1798,1863,-0.06500260010400416,-0.0745156482861401,0,
2022-12-27,384.54998779296875,384.8699951171875,381.4200134277344,383.1099853515625,368.57220458984375,4339000,-0.012137572290135235,2160,2133,0.20133481646273643,0.14492753623188404,0,
2022-12-28,383.0899963378906,385.1499938964844,378.1499938964844,378.4599914550781,364.0986328125,4684700,0.017306993404624604,2884,2047,0.33518518518518525,-0.04031879981247066,1,
2022-12-29,381.3699951171875,386.05999755859375,380.8399963378906,385.010009765625,370.40008544921875,5327300,-0.0020780620353670898,2549,1850,-0.11615811373092921,-0.096238397655105,0,
2022-12-30,382.4200134277344,384.2699890136719,380.1700134277344,384.2099914550781,369.63037109375,5290000,-0.004372340664435925,2630,1888,0.031777167516673144,0.020540540540540553,0,
2023-01-03,386.1199951171875,388.1099853515625,379.6000061035156,382.5299987792969,368.01422119140625,6454700,0.007790305902020789,3002,2333,0.141444866920152,0.23569915254237284,1,
2023-01-04,384.94000244140625,387.6300048828125,381.7699890136719,385.510009765625,370.88116455078125,3805600,-0.011361525031527098,3226,2513,0.07461692205196546,0.07715387912558946,0,
2023-01-05,383.44000244140625,383.54998779296875,380.5299987792969,381.1300048828125,366.6673889160156,4329700,0.022826631838965383,3441,2582,0.0666460012399257,0.02745722244329496,1,
2023-01-06,384.3500061035156,391.0299987792969,381.2300109863281,389.8299865722656,375.03717041015625,4838800,-0.0006925583059882445,3295,2569,-0.042429526300494014,-0.005034856700232404,0,
2023-01-09,392.1700134277344,395.5,389.42999267578125,389.55999755859375,374.7774353027344,3474700,0.007187452644216608,2714,2554,-0.17632776934749617,-0.005838847800700653,1,
2023-01-10,389.0199890136719,392.44000244140625,388.0400085449219,392.3599853515625,377.47113037109375,3649100,0.012463200262204488,2663,2713,-0.018791451731761222,0.06225528582615514,1,
2023-01-11,394.05999755859375,397.3999938964844,393.2200012207031,397.25,382.1756286621094,6273800,0.003901739908334534,2643,2453,-0.007510326699211367,-0.095834869148544,1,
2023-01-12,398.4700012207031,400.30999755859375,394.2300109863281,398.79998779296875,383.6667785644531,3988000,0.0039370050556024605,2862,2384,0.08286038592508516,-0.028128821850794905,1,
2023-01-13,395.4599914550781,400.9200134277344,395.1499938964844,400.3699951171875,385.1772766113281,3192700,-0.001848434839978097,2562,2137,-0.10482180293501053,-0.10360738255033553,0,
2023-01-17,400.3699951171875,402.07000732421875,398.9200134277344,399.6300048828125,384.4653015136719,3510100,-0.015764604971250207,2445,2280,-0.04566744730679162,0.06691623771642496,0,
2023-01-18,400.8699951171875,401.94000244140625,393.1499938964844,393.3299865722656,378.40435791015625,4348500,-0.007118723786355585,2365,2625,-0.03271983640081799,0.1513157894736843,0,
2023-01-19,391.1000061035156,392.8699951171875,389.0799865722656,390.5299987792969,375.7106018066406,3000000,0.018359821903237483,2913,2608,0.23171247357293878,-0.006476190476190524,1,
2023-01-20,391.8800048828125,397.8800048828125,390.19000244140625,397.70001220703125,382.60858154296875,2645400,0.011868407581270501,2841,2365,-0.02471678681771372,-0.09317484662576692,1,
2023-01-23,398.54998779296875,404.5199890136719,397.6000061035156,402.4200134277344,387.1495361328125,5152200,-0.0006711273962810571,2510,2640,-0.11650827173530443,0.11627906976744184,0,
2023-01-24,400.75,403.0400085449219,399.5,402.1499938964844,386.88970947265625,4309900,0.00017408655043760213,2440,2656,-0.027888446215139417,0.0060606060606061,1,
2023-01-25,397.75,402.57000732421875,395.4200134277344,402.2200012207031,386.9570617675781,4555300,0.010988966789641674,2428,2422,-0.004918032786885296,-0.0881024096385542,1,
2023-01-26,405.0400085449219,406.79998779296875,401.9200134277344,406.6400146484375,391.2093200683594,3067600,0.0024837846075094205,2212,2189,-0.08896210873146626,-0.09620148637489678,1,
2023-01-27,405.4800109863281,410.07000732421875,405.3900146484375,407.6499938964844,392.1809997558594,4012900,-0.012706961729865629,2235,2605,0.010397830018083143,0.19004111466423024,0,
2023-01-30,404.6600036621094,407.0199890136719,402.20001220703125,402.4700012207031,387.19757080078125,3457400,0.01451028516617292,2224,2855,-0.004921700223713632,0.09596928982725528,1,
2023-01-31,403.0,408.3999938964844,402.6700134277344,408.30999755859375,392.81591796875,6121200,0.010678311147352293,2352,2808,0.05755395683453246,-0.01646234676007008,1,
2023-02-01,407.1000061035156,415.5899963378906,404.2200012207031,412.6700134277344,397.0105285644531,5194600,0.014515066636093588,2618,3038,0.11309523809523814,0.08190883190883191,1,
2023-02-02,416.79998779296875,420.25,414.79998779296875,418.6600036621094,402.7731628417969,4883300,-0.010294686246194562,2879,2969,0.09969442322383504,-0.022712310730743868,0,
2023-02-03,413.5199890136719,418.95001220703125,413.0400085449219,414.3500061035156,398.6267395019531,4386000,-0.00615432269033378,2498,2962,-0.13233761722820425,-0.0023576961940047214,0,
2023-02-06,411.739990234375,413.239990234375,410.0299987792969,411.79998779296875,396.1734619140625,2579000,0.012918920717693405,2800,2660,0.12089671737389907,-0.10195813639432816,1,
2023-02-07,410.7699890136719,418.42999267578125,409.5299987792969,417.1199951171875,401.2915954589844,5584800,-0.010908000236966808,2637,2647,-0.05821428571428566,-0.004887218045112829,0,
2023-02-08,415.04998779296875,416.4599914550781,411.8800048828125,412.57000732421875,396.914306640625,2872000,-0.008483488655466553,2381,2477,-0.09708001516875242,-0.06422364941443148,0,
2023-02-09,416.3800048828125,416.5199890136719,407.7300109863281,409.07000732421875,393.5470886230469,3378800,0.002175755409669522,2318,2415,-0.02645947081058375,-0.025030278562777508,1,
2023-02-10,407.7099914550781,410.3599853515625,406.92999267578125,409.9599914550781,394.4033508300781,2655900,0.011757214920152359,2177,2261,-0.06082830025884378,-0.06376811594202902,1,
2023-02-13,410.6700134277344,414.8500061035156,410.19000244140625,414.7799987792969,399.0404357910156,3757200,-0.0005303708228899806,1990,2322,-0.08589802480477726,0.026979212737726632,0,
2023-02-14,413.1600036621094,417.0,410.45001220703125,414.55999755859375,398.82879638671875,4222800,0.0031840666281934826,2082,2263,0.04623115577889436,-0.025409130060292884,1,
2023-02-15,412.260009765625,415.9599914550781,411.44000244140625,415.8800048828125,400.09869384765625,2966800,-0.013465458122896568,2635,2259,0.265609990393852,-0.0017675651789659241,0,
2023-02-16,410.739990234375,414.82000732421875,410.0799865722656,410.2799987792969,394.711181640625,3347300,-0.0027785904571986375,2362,2302,-0.10360531309297916,0.019034971226206343,0,
2023-02-17,407.95001220703125,409.3900146484375,405.95001220703125,409.1400146484375,393.61444091796875,2039000,-0.01982220751532915,2050,1895,-0.13209144792548688,-0.17680278019113815,0,
2023-02-21,404.9200134277344,406.0,400.67999267578125,401.0299987792969,385.8121337890625,6280600,-0.0016954204190189337,2336,2089,0.13951219512195112,0.10237467018469659,0,
2023-02-22,401.3800048828125,402.9800109863281,398.8500061035156,400.3500061035156,385.15802001953125,4145700,0.005270323142848143,2556,2146,0.09417808219178081,0.027285782671134573,1,
2023-02-23,403.4599914550781,404.04998779296875,398.1000061035156,402.4599914550781,387.18792724609375,4570000,-0.010808619656045404,2340,2096,-0.08450704225352113,-0.02329916123019571,0,
2023-02-24,397.2099914550781,399.07000732421875,395.4800109863281,398.1099853515625,383.0029602050781,4450400,0.003491566416931713,2125,1870,-0.09188034188034189,-0.10782442748091603,1,
2023-02-27,401.739990234375,403.1499938964844,398.6099853515625,399.5,384.3402404785156,4547700,-0.0038297416536254847,2176,2237,0.02400000000000002,0.19625668449197864,0,
2023-02-28,399.05999755859375,401.1099853515625,397.9700012207031,397.9700012207031,382.8683166503906,5191500,-0.0035681181371115533,2357,2053,0.0831801470588236,-0.08225301743406344,0,
2023-03-01,397.2200012207031,398.5,395.20001220703125,396.54998779296875,381.502197265625,6327400,0.0078680502715609,2214,2035,-0.06067034365719137,-0.008767657087189518,1,
2023-03-02,394.5,400.5299987792969,394.20001220703125,399.6700134277344,384.5038757324219,3003000,0.01603803602752274,2257,1979,0.01942186088527542,-0.02751842751842748,1,
2023-03-03,401.5799865722656,406.3399963378906,400.9100036621094,406.0799865722656,390.6705627441406,3167200,0.0011329147311176513,2166,1749,-0.04031900753212225,-0.11622031328954019,1,
2023-03-06,407.05999755859375,409.3800048828125,405.9599914550781,406.5400085449219,391.1131591796875,5754600,-0.015767327018516575,2352,1895,0.08587257617728539,0.08347627215551734,0,
2023-03-07,406.3399963378906,406.5799865722656,399.489990234375,400.1300048828125,384.94635009765625,3536200,0.001749416240246271,2530,2054,0.07568027210884343,0.08390501319261223,1,
2023-03-08,400.29998779296875,401.5899963378906,398.44000244140625,400.8299865722656,385.6197814941406,3423500,-0.018511491265147506,2733,1853,0.08023715415019761,-0.0978578383641675,0,
2023-03-09,401.6300048828125,403.3299865722656,392.32000732421875,393.4100036621094,378.48138427734375,3578700,-0.01405659599947684,2775,1893,0.015367727771679496,0.021586616297895267,0,
2023-03-10,392.8500061035156,394.95001220703125,386.1099853515625,387.8800048828125,373.1612243652344,6751200,-0.0020883650929316433,2769,2199,-0.00216216216216214,0.1616481774960381,0,
2023-03-13,383.5,392.04998779296875,382.3699951171875,387.07000732421875,372.3819274902344,5579100,0.016818591319228915,3981,2618,0.437703141928494,0.19054115507048652,1,
2023-03-14,392.32000732421875,395.260009765625,388.82000732421875,393.5799865722656,378.6448669433594,6004900,-0.006148651997773924,3287,2557,-0.17432805827681486,-0.02330022918258212,0,
2023-03-15,387.5899963378906,391.20001220703125,385.45001220703125,391.1600036621094,376.31671142578125,7838400,0.017205213530032015,3116,2503,-0.052023121387283267,-0.021118498240125128,1,
2023-03-16,388.6600036621094,398.25,388.04998779296875,397.8900146484375,382.79132080078125,6535500,-0.011862502597002722,2727,2286,-0.12483953786906288,-0.08669596484218933,0,
2023-03-17,396.6000061035156,397.70001220703125,391.8599853515625,393.1700134277344,378.2504577636719,6487300,0.009919390930388516,2272,1993,-0.16685001833516688,-0.1281714785651793,1,
2023-03-20,394.1400146484375,397.5,393.3800048828125,397.07000732421875,382.0024719238281,4602600,0.012995211407556662,2585,2122,0.13776408450704225,0.06472654290015045,1,
2023-03-21,400.6300048828125,402.82000732421875,398.95001220703125,402.2300109863281,386.9666748046875,8656700,-0.01675669733198193,2622,2085,0.014313346228239876,-0.01743638077285581,0,
2023-03-22,402.1300048828125,405.8699951171875,395.4100036621094,395.489990234375,380.4823913574219,4659900,0.0025340788041239293,3124,2089,0.19145690312738362,0.0019184652278176895,1,
2023-03-23,396.8900146484375,401.0199890136719,392.0799865722656,394.8399963378906,381.4465637207031,4743600,0.00661032137871409,2649,2253,-0.1520486555697823,0.0785064624222116,1,
2023-03-24,393.5400085449219,397.5199890136719,391.0899963378906,397.45001220703125,383.9680480957031,4867500,0.0017359906500347133,2170,1838,-0.1808229520573802,-0.18419884598313363,1,
2023-03-27,399.92999267578125,400.6300048828125,397.2900085449219,398.1400146484375,384.6346130371094,4509700,-0.0018585801780380828,2543,1880,0.17188940092165894,0.02285092491838947,0,
2023-03-28,397.4700012207031,398.2099914550781,395.3999938964844,397.3999938964844,383.91973876953125,2419000,0.014469071520018417,2432,1931,-0.04364923318914671,0.027127659574468055,1,
2023-03-29,401.6600036621094,403.3699951171875,400.45001220703125,403.1499938964844,389.4747009277344,4369100,0.005556283828621167,2328,1797,-0.042763157894736836,-0.06939409632314864,1,
2023-03-30,405.8399963378906,406.1000061035156,403.4800109863281,405.3900146484375,391.63873291015625,4066400,0.014035684580438135,2339,1983,0.004725085910652904,0.10350584307178634,1,
2023-03-31,406.4800109863281,411.44000244140625,406.3500061035156,411.0799865722656,397.1356506347656,4224500,0.0035518165550261216,2182,1682,-0.06712270200940573,-0.15179021684316696,1,
2023-04-03,410.7099914550781,413.1600036621094,410.20001220703125,412.5400085449219,398.54620361328125,4455300,-0.005114872918402624,3064,1724,0.4042163153070577,0.024970273483947647,0,
2023-04-04,413.4200134277344,413.69000244140625,409.0,410.42999267578125,396.5076904296875,3496500,-0.0023633154577424875,2858,1829,-0.06723237597911225,0.06090487238979114,0,
2023-04-05,409.739990234375,410.4800109863281,407.6499938964844,409.4599914550781,395.57061767578125,3698900,0.0037855871343885905,2509,1633,-0.12211336599020295,-0.10716238381629306,1,
2023-04-06,408.57000732421875,411.2699890136719,407.44000244140625,411.010009765625,397.0680847167969,2975500,0.0011434828051406498,2197,1588,-0.12435233160621761,-0.027556644213104664,1,
2023-04-10,408.3699951171875,411.5,407.760009765625,411.4800109863281,397.5221252441406,2777900,-2.4412703664711266e-05,2303,1581,0.0482476103777878,-0.004408060453400475,0,
2023-04-11,412.0199890136719,412.9700012207031,410.69000244140625,411.4700012207031,397.5124206542969,3657000,-0.00374260490060907,2388,1564,0.03690838037342603,-0.010752688172043001,0,
2023-04-12,413.67999267578125,413.94000244140625,409.2300109863281,409.92999267578125,396.0246887207031,3959000,0.013026571678663501,2479,1708,0.038107202680067065,0.09207161125319696,1,
2023-04-13,411.0400085449219,415.6199951171875,410.5,415.2699890136719,401.18353271484375,3570000,-0.0024561877537943033,2413,1669,-0.026623638563937124,-0.022833723653395754,0,
2023-04-14,414.6400146484375,416.8900146484375,411.8500061035156,414.25,400.1981506347656,3546700,0.0036933913276755437,2526,1532,0.04682967260671367,-0.08208508088675859,1,
2023-04-17,414.1400146484375,415.8500061035156,412.8800048828125,415.7799987792969,401.6762390136719,2482500,0.0005772623224193918,2502,1546,-0.009501187648456089,0.009138381201044377,1,
2023-04-18,417.44000244140625,417.5199890136719,414.6000061035156,416.0199890136719,401.9081115722656,2653400,-7.213514329262871e-05,2832,1620,0.1318944844124701,0.047865459249676556,0,
2023-04-19,414.0199890136719,416.8699951171875,413.9800109863281,415.989990234375,401.8791198730469,2937000,-0.005600976552488701,2661,1714,-0.060381355932203395,0.05802469135802468,0,
2023-04-20,412.9599914550781,415.5,412.07000732421875,413.6600036621094,399.6282043457031,3279800,0.0005560893888110208,2528,1732,-0.04998121007140177,0.010501750291715295,1,
2023-04-21,413.989990234375,414.4599914550781,412.0,413.8900146484375,399.8504333496094,3384000,0.0012561154343981862,2125,1603,-0.15941455696202533,-0.07448036951501158,1,
2023-04-24,413.75,414.8500061035156,412.3900146484375,414.4100036621094,400.3526916503906,3398500,-0.015877952461502254,2793,1754,0.3143529411764705,0.09419837804117281,0,
2023-04-25,412.3399963378906,412.8900146484375,407.7900085449219,407.8299865722656,393.99591064453125,3686800,-0.004070266136181999,2615,1890,-0.06373075546007878,0.07753705815279366,0,
2023-04-26,408.4700012207031,409.5899963378906,405.5400085449219,406.1700134277344,392.3922424316406,5637900,0.019843973075248877,2656,1704,0.01567877629063097,-0.0984126984126984,1,
2023-04-27,408.75,414.489990234375,408.54998779296875,414.2300109863281,400.1788635253906,4156100,0.008280370235447032,2466,1779,-0.07153614457831325,0.04401408450704225,1,
2023-04-28,413.2699890136719,417.739990234375,413.2300109863281,417.6600036621094,403.49249267578125,3871000,-0.0007184432916880201,2254,1547,-0.08596918085969185,-0.13041034288926368,0,
2023-05-01,417.2900085449219,419.4200134277344,417.1000061035156,417.3599853515625,403.2026062011719,2813100,-0.011189176502252485,2583,1945,0.14596273291925477,0.2572721396250808,0,
2023-05-02,416.5400085449219,416.6400146484375,409.5899963378906,412.69000244140625,398.69110107421875,4604700,-0.007196706140622844,2595,1901,0.004645760743321681,-0.02262210796915165,0,
2023-05-03,413.17999267578125,415.6400146484375,409.55999755859375,409.7200012207031,395.82183837890625,3746400,-0.006980491569579361,2468,1961,-0.04894026974951826,0.03156233561283539,0,
2023-05-04,408.6499938964844,409.0299987792969,405.5400085449219,406.8599853515625,393.0588073730469,4185900,0.0182863007211862,2411,1885,-0.02309562398703402,-0.0387557368689444,1,
2023-05-05,410.67999267578125,415.5299987792969,410.42999267578125,414.29998779296875,400.24639892578125,2992900,0.0005312126914007731,2139,1794,-0.11281625881377022,-0.0482758620689655,1,
2023-05-08,414.7799987792969,415.05999755859375,413.1000061035156,414.5199890136719,400.4590148925781,2955600,-0.0040771237169017205,3130,1830,0.46330060776063586,0.02006688963210701,0,
2023-05-09,412.9200134277344,413.8800048828125,412.4800109863281,412.8299865722656,398.8262939453125,2571900,0.0042147904082565635,3124,1699,-0.00191693290734829,-0.07158469945355195,1,
2023-05-10,415.70001220703125,416.3399963378906,410.6700134277344,414.57000732421875,400.50726318359375,3186100,-0.0014953723084631942,2610,1596,-0.16453265044814336,-0.06062389640965271,0,
2023-05-11,413.739990234375,414.2099914550781,411.75,413.95001220703125,399.9083557128906,2509600,-0.0013046201915309918,2442,1649,-0.06436781609195408,0.03320802005012524,0,
2023-05-12,415.2699890136719,415.3699951171875,410.8699951171875,413.4100036621094,399.3866271972656,2281600,0.0033139501253944825,2229,1590,-0.08722358722358725,-0.0357792601576713,1,
2023-05-15,414.1099853515625,415.2300109863281,412.04998779296875,414.7799987792969,400.7101745605469,1934200,-0.006678282903941568,2631,1791,0.1803499327052489,0.12641509433962272,0,
2023-05-16,413.70001220703125,414.6199951171875,412.010009765625,412.010009765625,398.03411865234375,3432000,0.012135754473240556,2930,1908,0.11364500190041804,0.0653266331658291,1,
2023-05-17,414.20001220703125,417.6700134277344,412.42999267578125,417.010009765625,402.86456298828125,3131300,0.009687853996033446,2791,1751,-0.04744027303754261,-0.08228511530398319,1,
2023-05-18,416.79998779296875,421.5199890136719,416.5,421.04998779296875,406.7674560546875,3087100,-0.0014486505919893977,2558,1754,-0.08348262271587248,0.0017133066818959541,0,
2023-05-19,422.0199890136719,422.5899963378906,419.2099914550781,420.44000244140625,406.1781921386719,3873100,0.00028535692945119706,2392,1671,-0.06489444878811568,-0.047320410490307885,1,
2023-05-22,420.510009765625,422.260009765625,419.2099914550781,420.55999755859375,406.2940979003906,3076600,-0.01093766489439807,2356,1565,-0.015050167224080258,-0.0634350688210652,0,
2023-05-23,418.92999267578125,419.8800048828125,415.510009765625,415.9599914550781,401.8501892089844,3221000,-0.007500857962365437,2447,1672,0.0386247877758914,0.06837060702875397,0,
2023-05-24,414.239990234375,414.5899963378906,411.6700134277344,412.8399963378906,398.8359680175781,3633800,0.008817009521038921,2515,1767,0.02778912954638324,0.05681818181818188,1,
2023-05-25,416.55999755859375,417.9700012207031,414.2099914550781,416.4800109863281,402.3525085449219,3487800,0.01313389188205627,2305,1809,-0.08349900596421467,0.02376910016977929,1,
2023-05-26,417.17999267578125,422.6300048828125,417.0899963378906,421.95001220703125,407.636962890625,5531300,0.0001896320315077915,2199,1689,-0.04598698481561825,-0.06633499170812607,1,
2023-05-30,423.9100036621094,424.42999267578125,420.6199951171875,422.0299987792969,407.7142639160156,3239600,-0.006160787204712359,2467,1661,0.12187357889949979,-0.0165778567199526,0,
2023-05-31,420.1099853515625,421.07000732421875,418.07000732421875,419.42999267578125,405.2024230957031,4479600,0.010299621025461336,2495,1234,0.011349817592217315,-0.2570740517760385,1,
2023-06-01,419.9599914550781,424.79998779296875,418.70001220703125,423.75,409.3758544921875,3786300,0.014253757223192887,2996,1304,0.20080160320641283,0.05672609400324147,1,
2023-06-02,426.3699951171875,430.6700134277344,425.8800048828125,429.7900085449219,415.21099853515625,4525700,-0.0017217132255652468,2741,1290,-0.08511348464619495,-0.010736196319018454,0,
2023-06-05,430.2200012207031,431.57000732421875,428.29998779296875,429.04998779296875,414.4961242675781,4318300,0.002120936292469011,3011,1287,0.09850419554906975,-0.0023255813953488857,1,
2023-06-06,428.5899963378906,430.5,427.9200134277344,429.9599914550781,415.375244140625,3539900,-0.0032920393304952666,2757,1394,-0.08435735636001329,0.08313908313908325,0,
2023-06-07,429.0199890136719,430.2099914550781,426.70001220703125,427.2099914550781,414.0078125,4047400,0.005781645099352639,2559,1639,-0.07181719260065289,0.17575322812051652,1,
2023-06-08,427.1400146484375,430.20001220703125,426.42999267578125,429.67999267578125,416.4014587402344,3472100,0.002001591393779867,2847,1532,0.11254396248534593,-0.06528370957901164,1,
2023-06-09,430.5400085449219,432.6000061035156,429.4800109863281,430.5400085449219,417.23492431640625,4140600,0.009081657237875351,3074,1836,0.07973305233579198,0.19843342036553535,1,
2023-06-12,431.489990234375,434.489990234375,430.7699890136719,434.45001220703125,421.02410888671875,4287900,0.006536983809503516,3333,1980,0.08425504229017577,0.07843137254901955,1,
2023-06-13,435.9700012207031,437.9800109863281,435.260009765625,437.2900085449219,423.7763366699219,5444500,0.0011663291518269059,3463,2198,0.03900390039003909,0.11010101010101003,1,
2023-06-14,437.6499938964844,439.7200012207031,434.239990234375,437.79998779296875,424.2705993652344,5958000,0.012357130901430091,3356,1921,-0.030898065261334096,-0.12602365787079162,1,
2023-06-15,437.010009765625,444.57000732421875,436.8699951171875,443.2099914550781,429.51336669921875,5928700,-0.0035649390299790085,3207,1896,-0.044398092967818825,-0.013014055179593975,0,
2023-06-16,445.3900146484375,445.4800109863281,441.25,441.6300048828125,427.982177734375,6474300,-0.004732275536718178,2991,1869,-0.06735266604303092,-0.014240506329113889,0,
2023-06-20,439.7200012207031,441.5299987792969,437.29998779296875,439.5400085449219,425.95684814453125,4505800,-0.00527835638885743,2866,1911,-0.041792042795051776,0.022471910112359605,0,
2023-06-21,438.44000244140625,439.4700012207031,436.6400146484375,437.2200012207031,423.70849609375,4067600,0.003613779234922232,2952,2129,0.03000697836706201,0.11407639979068551,1,
2023-06-22,436.25,438.8999938964844,435.8599853515625,438.79998779296875,425.23968505859375,2511300,-0.007611817611477445,2803,1909,-0.05047425474254741,-0.10333489901362147,0,
2023-06-23,435.19000244140625,437.3500061035156,434.75,435.4599914550781,422.0028381347656,2651400,-0.004225354455308694,2622,1724,-0.06457367106671419,-0.09690937663698274,0,
2023-06-26,434.8900146484375,436.8599853515625,433.44000244140625,433.6199951171875,420.2197265625,4936600,0.011069691846480989,2848,1844,0.08619374523264689,0.06960556844547572,1,
2023-06-27,434.6400146484375,439.0799865722656,433.5199890136719,438.4200134277344,424.8714294433594,5254400,0.00031934637855379755,2982,1785,0.0470505617977528,-0.03199566160520606,1,
2023-06-28,437.3500061035156,439.75,436.70001220703125,438.55999755859375,425.0071105957031,3445600,0.003990196338196084,2898,1748,-0.028169014084507005,-0.020728291316526648,1,
2023-06-29,438.2200012207031,440.5899963378906,437.8800048828125,440.30999755859375,426.7029724121094,3389400,0.012264018767285778,2776,1716,-0.04209799861973773,-0.01830663615560646,1,
2023-06-30,443.75,446.6199951171875,443.45001220703125,445.7099914550781,431.9360656738281,5137700,0.0014360928439747234,2618,1712,-0.056916426512968354,-0.002331002331002363,1,
2023-07-03,445.2300109863281,446.42999267578125,444.9599914550781,446.3500061035156,432.5563659667969,1928100,-0.0017251296686956463,2722,1865,0.03972498090145149,0.0893691588785046,0,
2023-07-05,444.19000244140625,446.3599853515625,444.19000244140625,445.5799865722656,431.8101501464844,6217000,-0.008191635708684863,2786,1872,0.023512123438647947,0.0037533512064342744,0,
2023-07-06,441.79998779296875,442.3999938964844,439.3500061035156,441.92999267578125,428.2729187011719,3248800,-0.0025569974789874106,2975,1862,0.0678391959798994,-0.005341880341880323,0,
2023-07-07,440.94000244140625,444.9599914550781,440.5899963378906,440.79998779296875,427.1778259277344,3441700,0.00265435269907055,2980,1832,0.001680672268907557,-0.01611170784103111,1,
2023-07-10,440.4800109863281,442.1400146484375,439.8800048828125,441.9700012207031,428.31170654296875,2526300,0.006719953761040953,3160,1870,0.06040268456375841,0.020742358078602585,1,
2023-07-11,442.7799987792969,445.29998779296875,441.75,444.94000244140625,431.18994140625,4775400,0.007506494337413461,3175,1960,0.004746835443038,0.048128342245989275,1,
2023-07-12,448.80999755859375,449.8299865722656,447.2799987792969,448.2799987792969,434.4266662597656,4714000,0.008521637032690599,3622,1930,0.14078740157480318,-0.015306122448979553,1,
2023-07-13,450.25,452.7799987792969,449.80999755859375,452.1000061035156,438.1286926269531,4179500,-0.0009954306036644711,3656,1818,0.009387078961899498,-0.05803108808290158,0,
2023-07-14,452.8999938964844,453.75,450.9700012207031,451.6499938964844,437.69256591796875,3437800,0.003719623965734886,3161,1740,-0.13539387308533912,-0.04290429042904287,1,
2023-07-17,451.4700012207031,454.3299865722656,451.45001220703125,453.3299865722656,439.32061767578125,4499600,0.007257466105404786,3396,1904,0.07434356216387217,0.09425287356321843,1,
2023-07-18,452.8500061035156,457.2900085449219,452.44000244140625,456.6199951171875,442.50897216796875,6453300,0.0018396381716196952,3548,1960,0.0447585394581862,0.02941176470588225,1,
2023-07-19,457.45001220703125,458.82000732421875,456.7900085449219,457.4599914550781,443.3230285644531,3182200,-0.006230136294901434,3371,1948,-0.04988726042841041,-0.006122448979591799,0,
2023-07-20,456.5799865722656,457.489990234375,453.8599853515625,454.6099853515625,440.5610656738281,10647100,-2.1958527476440004e-05,4288,1984,0.27202610501334923,0.01848049281314168,0,
2023-07-21,456.3699951171875,456.5799865722656,454.5799865722656,454.6000061035156,440.5513916015625,3502300,0.004421519330717105,4016,1965,-0.06343283582089554,-0.009576612903225756,1,
2023-07-24,455.7799987792969,457.44000244140625,455.1600036621094,456.6099853515625,442.4992980957031,2631900,0.0026936891686288877,3775,1926,-0.06000996015936255,-0.01984732824427482,1,
2023-07-25,456.32000732421875,459.1600036621094,456.25,457.8399963378906,443.6912536621094,3987000,8.742079424983729e-05,4379,1837,0.15999999999999992,-0.046209761163032215,1,
2023-07-26,456.8900146484375,459.3599853515625,455.7900085449219,457.8800048828125,443.73004150390625,5592100,-0.006464515555758554,5290,1854,0.20803836492349848,0.00925421883505706,0,
2023-07-27,461.489990234375,461.8800048828125,453.9599914550781,454.9200134277344,440.8615417480469,3413300,0.009452137112508474,3652,1856,-0.30964083175803403,0.0010787486515642097,1,
2023-07-28,458.239990234375,460.260009765625,457.5,459.2200012207031,445.02862548828125,4258700,0.002090491073736933,3348,1993,-0.08324205914567362,0.0738146551724137,1,
2023-07-31,459.8500061035156,460.5799865722656,458.489990234375,460.17999267578125,445.9589538574219,3947300,-0.0027815295271399476,3276,1674,-0.021505376344086002,-0.1600602107375816,0,
2023-08-01,458.739990234375,459.6199951171875,457.92999267578125,458.8999938964844,444.718505859375,3752800,-0.013968330563739917,3341,1686,0.01984126984126977,0.007168458781362075,0,
2023-08-02,455.6700134277344,455.9100036621094,451.739990234375,452.489990234375,438.50653076171875,3256300,-0.002872785281518242,3242,1790,-0.029631846752469326,0.06168446026097274,0,
2023-08-03,450.4200134277344,453.1099853515625,449.75,451.19000244140625,437.2467956542969,3274500,-0.004654409712429142,3327,1892,0.026218383713756843,0.056983240223463794,0,
2023-08-04,453.1300048828125,455.2799987792969,448.6499938964844,449.0899963378906,435.211669921875,4359900,0.008840183616651176,2973,1615,-0.10640216411181247,-0.14640591966173366,1,
2023-08-07,451.1000061035156,453.239990234375,450.3900146484375,453.05999755859375,439.05902099609375,2223600,-0.004193621974595829,4889,1713,0.6444668684830137,0.06068111455108349,0,
2023-08-08,450.42999267578125,451.5799865722656,447.6499938964844,451.1600036621094,437.2177734375,3554600,-0.006760429719171568,4398,1741,-0.10042953569237068,0.016345592527729158,0,
2023-08-09,451.4100036621094,451.57000732421875,447.3299865722656,448.1099853515625,434.2619934082031,2838200,0.00044624356732869686,3677,1687,-0.1639381537062301,-0.031016657093624334,1,
2023-08-10,450.55999755859375,454.1000061035156,447.07000732421875,448.30999755859375,434.4557800292969,4508500,-0.0006021952274359865,3500,1773,-0.048137068262170235,0.05097806757557799,0,
2023-08-11,446.3299865722656,449.0400085449219,445.70001220703125,448.0400085449219,434.19415283203125,3757800,0.00535660291344886,3004,1431,-0.14171428571428568,-0.19289340101522845,1,
2023-08-14,447.0299987792969,450.510009765625,446.760009765625,450.44000244140625,436.51995849609375,2387400,-0.01132237770910649,3539,1754,0.17809587217043932,0.2257162823200558,0,
2023-08-15,448.69000244140625,448.9800109863281,444.6499938964844,445.3399963378906,431.5775146484375,5019300,-0.007477408320164414,3430,1698,-0.03079966092116415,-0.03192702394526792,0,
2023-08-16,444.82000732421875,446.5299987792969,441.8699951171875,442.010009765625,428.3504333496094,2896100,-0.007692117524510045,3475,1645,0.013119533527696792,-0.03121319199057715,0,
2023-08-17,443.45001220703125,443.760009765625,438.07000732421875,438.6099853515625,425.0555114746094,3991000,0.00018250718200230054,4757,1730,0.3689208633093526,0.05167173252279644,1,
2023-08-18,435.6300048828125,439.8599853515625,435.2900085449219,438.69000244140625,425.1330871582031,3164000,0.006747370082653692,3688,1706,-0.22472146310700025,-0.01387283236994219,1,
2023-08-21,439.8399963378906,442.44000244140625,437.6199951171875,441.6499938964844,428.0016174316406,3250900,-0.0028530262592072475,4951,1709,0.34246203904555306,0.0017584994138335475,0,
2023-08-22,443.5299987792969,443.5799865722656,439.8900146484375,440.3900146484375,426.780517578125,4920800,0.011035740089343049,4415,1914,-0.10826095738234698,0.11995318899941476,1,
2023-08-23,441.489990234375,446.010009765625,441.42999267578125,445.25,431.4903564453125,2857300,-0.013430792790137036,3808,1746,-0.13748584371460926,-0.08777429467084641,0,
2023-08-24,447.0,447.54998779296875,439.1700134277344,439.2699890136719,425.6950988769531,3583900,0.007148307029153145,3625,1789,-0.04805672268907568,0.024627720504009076,1,
2023-08-25,441.0400085449219,443.69000244140625,437.3399963378906,442.4100036621094,428.73809814453125,4118100,0.0060352098991449665,3372,1630,-0.06979310344827583,-0.08887646730016774,1,
2023-08-28,444.6400146484375,445.80999755859375,443.25,445.0799865722656,431.32562255859375,2583100,0.01444677033111974,4883,1724,0.4481020166073546,0.05766871165644161,1,
2023-08-29,445.0799865722656,451.8800048828125,444.8900146484375,451.510009765625,437.556884765625,3983800,0.004385241762650205,4885,1712,0.00040958427196402525,-0.00696055684454755,1,
2023-08-30,451.989990234375,454.1199951171875,451.2200012207031,453.489990234375,439.4756774902344,2811800,-0.001764076135259418,4901,1697,0.0032753326509724623,-0.008761682242990676,0,
2023-08-31,454.1300048828125,455.29998779296875,452.6400146484375,452.69000244140625,438.7004089355469,3881300,0.0021205766683003446,4093,2061,-0.1648643134054275,0.21449616971125507,1,
2023-09-01,455.7200012207031,456.1300048828125,452.19000244140625,453.6499938964844,439.6307067871094,2852900,-0.004298401916614347,3705,1941,-0.09479599315905207,-0.05822416302765643,0,
2023-09-05,453.2099914550781,453.54998779296875,451.6199951171875,451.70001220703125,437.7409973144531,2289800,-0.0069515976027992865,4371,2177,0.179757085020243,0.12158681092220514,0,
2023-09-06,450.8699951171875,450.94000244140625,446.2300109863281,448.55999755859375,434.697998046875,6316100,-0.0027643563155319573,4350,2255,-0.0048043925875085325,0.035829122645842926,0,
2023-09-07,445.489990234375,447.9700012207031,445.1600036621094,447.32000732421875,433.496337890625,2310300,0.0012295836733591248,4271,2198,-0.018160919540229914,-0.02527716186252771,1,
2023-09-08,447.25,449.5199890136719,446.9599914550781,447.8699951171875,434.02935791015625,2787800,0.006765444119555042,3922,2025,-0.08171388433622107,-0.07870791628753415,1,
2023-09-11,450.69000244140625,451.2099914550781,448.9200134277344,450.8999938964844,436.96575927734375,3671200,-0.005411462965309033,4111,1994,0.048189699133095454,-0.015308641975308679,0,
2023-09-12,449.4200134277344,450.989990234375,447.8399963378906,448.4599914550781,434.60113525390625,2648700,0.0009366610935601649,4094,2073,-0.004135246898564815,0.03961885656970909,1,
2023-09-13,448.6499938964844,450.1600036621094,447.5199890136719,448.8800048828125,435.0082092285156,3020300,0.008933343781606595,4273,2156,0.04372252076209082,0.040038591413410485,1,
2023-09-14,451.57000732421875,453.54998779296875,450.1700134277344,452.8900146484375,438.894287109375,3546900,-0.01289500926455922,4158,2197,-0.02691317575473906,0.019016697588126075,0,
2023-09-15,451.2099914550781,451.5,446.9700012207031,447.04998779296875,433.2347412109375,5239500,0.0017224283958086062,4675,1930,0.12433862433862441,-0.12152935821574873,1,
2023-09-18,447.04998779296875,448.9800109863281,446.6000061035156,447.82000732421875,433.98095703125,4152700,-0.002233084644005956,5273,1796,0.1279144385026738,-0.0694300518134715,0,
2023-09-19,446.6700134277344,447.2900085449219,443.94000244140625,446.82000732421875,433.0118408203125,3575500,-0.00946695635725081,5614,2035,0.06466906884126677,0.13307349665924284,0,
2023-09-20,448.010009765625,448.4599914550781,442.3999938964844,442.5899963378906,428.91253662109375,5467300,-0.01638075090827873,6100,2109,0.0865692910580691,0.036363636363636376,0,
2023-09-21,439.6400146484375,439.9100036621094,435.1400146484375,435.3399963378906,421.8866271972656,5076600,-0.0023889677230394257,7156,2196,0.17311475409836063,0.04125177809388325,0,
2023-09-22,436.3999938964844,438.0299987792969,433.8999938964844,434.29998779296875,420.8787536621094,9350800,0.004144552873883711,5144,1902,-0.28116266070430407,-0.13387978142076506,1,
2023-09-25,432.989990234375,436.17999267578125,432.6099853515625,436.1000061035156,422.62310791015625,4413100,-0.014634422148109172,6655,2080,0.2937402799377915,0.09358569926393279,0,
2023-09-26,431.04998779296875,431.7099914550781,426.8999938964844,427.760009765625,416.4382629394531,4887400,0.00025707451401513204,6203,1965,-0.06791885800150266,-0.055288461538461564,1,
2023-09-27,428.94000244140625,429.5400085449219,424.1600036621094,427.8699951171875,416.5453186035156,6664500,0.005842985863729666,5900,1785,-0.04884733193615998,-0.09160305343511455,1,
2023-09-28,427.3500061035156,432.1300048828125,426.739990234375,430.3699951171875,418.97918701171875,4871000,-0.0021841911092561617,5119,2100,-0.13237288135593217,0.17647058823529416,0,
2023-09-29,433.6199951171875,433.7200012207031,427.8399963378906,429.42999267578125,418.0640563964844,6239100,-0.0003492194354339784,4494,1902,-0.12209415901543275,-0.0942857142857143,0,
2023-10-02,428.489990234375,430.4700012207031,426.3599853515625,429.2799987792969,417.9180603027344,4666900,-0.01332462998031525,4503,1972,0.0020026702269693164,0.03680336487907465,0,
2023-10-03,426.9200134277344,428.5400085449219,422.0299987792969,423.55999755859375,412.3494567871094,5467000,0.007082736974838522,5771,2187,0.2815900510770597,0.10902636916835706,1,
2023-10-04,423.8999938964844,427.30999755859375,422.4599914550781,426.55999755859375,415.27001953125,3560200,-0.00046893023058935945,6604,2324,0.14434240166348977,0.06264288980338373,0,
2023-10-05,426.2799987792969,427.2300109863281,423.0400085449219,426.3599853515625,415.0752868652344,4030400,0.011750665585290365,5201,1869,-0.21244700181708054,-0.19578313253012047,1,
2023-10-06,423.8699951171875,433.0199890136719,422.4599914550781,431.3699951171875,419.95269775390625,4153500,0.006583746396521706,4814,1713,-0.07440876754470294,-0.0834670947030498,1,
2023-10-09,429.45001220703125,434.7900085449219,428.9200134277344,434.2099914550781,422.7175598144531,2675500,0.005227912511824417,5141,1510,0.0679268799335273,-0.11850554582603623,1,
2023-10-10,434.8900146484375,439.1499938964844,434.4700012207031,436.4800109863281,424.927490234375,4430000,0.00423842992514234,4044,1716,-0.21338261038708417,0.1364238410596026,1,
2023-10-11,437.6300048828125,438.5,435.1000061035156,438.3299865722656,426.728515625,3875600,-0.00600005435155726,4349,1775,0.07542037586547967,0.0343822843822843,0,
2023-10-12,438.9100036621094,439.2799987792969,433.1700134277344,435.70001220703125,424.1681213378906,4232300,-0.005255936320093468,4447,2462,0.022533915842722463,0.38704225352112687,0,
2023-10-13,437.17999267578125,438.3800048828125,431.7900085449219,433.4100036621094,421.938720703125,4041200,0.010405835692641308,3733,2565,-0.1605576793343827,0.04183590576766849,1,
2023-10-16,435.739990234375,439.0799865722656,435.5299987792969,437.9200134277344,426.329345703125,4656900,0.0002968512436685167,4190,2784,0.12242164478971329,0.08538011695906422,1,
2023-10-17,434.7300109863281,440.04998779296875,434.3999938964844,438.04998779296875,426.4559020996094,4864000,-0.013103449114852173,5385,2613,0.2852028639618138,-0.061422413793103425,0,
2023-10-18,436.1400146484375,437.0899963378906,430.9800109863281,432.30999755859375,420.86785888671875,7890000,-0.009067581620996523,5521,2590,0.025255338904363933,-0.008802143130501316,0,
2023-10-19,432.8500061035156,434.75,427.6199951171875,428.3900146484375,417.0516052246094,10020200,-0.012301891702053314,4805,1679,-0.12968665096902732,-0.35173745173745175,0,
2023-10-20,427.8900146484375,428.3800048828125,422.94000244140625,423.1199951171875,411.92108154296875,7046300,-0.001749021879813295,4646,1589,-0.03309053069719048,-0.05360333531864203,0,
2023-10-23,421.45001220703125,426.3299865722656,419.6499938964844,422.3800048828125,411.20062255859375,6870500,0.0075288205879344705,5407,1451,0.16379681446405514,-0.08684707363121458,1,
2023-10-24,424.510009765625,426.6499938964844,422.6000061035156,425.55999755859375,414.2964782714844,8027900,-0.014216465386194255,5981,1447,0.10615868318845934,-0.002756719503790528,0,
2023-10-25,423.7699890136719,423.8500061035156,418.8599853515625,419.510009765625,408.4066467285156,4730800,-0.012061644803439409,5782,1774,-0.03327202808894836,0.22598479612992395,0,
2023-10-26,418.3399963378906,419.1499938964844,413.4200134277344,414.45001220703125,403.4805908203125,5082000,-0.004584512873667346,5492,1673,-0.05015565548253198,-0.056933483652762074,0,
2023-10-27,416.010009765625,416.4100036621094,411.0199890136719,412.54998779296875,401.6308288574219,5604500,0.011877386804698409,4387,1595,-0.20120174799708668,-0.04662283323371186,1,
2023-10-30,415.3599853515625,418.510009765625,414.0400085449219,417.45001220703125,406.4011535644531,4459800,0.005964727817241666,6262,1707,0.42739913380442207,0.07021943573667722,1,
2023-10-31,418.0,420.3599853515625,416.07000732421875,419.94000244140625,408.8252258300781,8151800,0.01093018750954089,5237,1646,-0.1636857234110508,-0.03573520796719387,1,
2023-11-01,421.0299987792969,425.3699951171875,420.4800109863281,424.5299987792969,413.29376220703125,5645500,0.01926830546983971,4869,1707,-0.07026923811342367,0.037059538274605064,1,
2023-11-02,428.4800109863281,432.8399963378906,428.4800109863281,432.7099914550781,421.2572326660156,4265200,0.00896668928611244,4616,1756,-0.0519613883754364,0.02870533099004091,1,
2023-11-03,435.05999755859375,438.239990234375,434.95001220703125,436.5899963378906,425.0345153808594,6222800,0.0024051642749889357,3738,1500,-0.1902079722703639,-0.14578587699316625,1,
2023-11-06,437.489990234375,438.0400085449219,435.6300048828125,437.6400146484375,426.0567932128906,3296900,0.0026505209608833624,4354,1752,0.16479400749063666,0.16799999999999993,1,
2023-11-07,437.6600036621094,439.5400085449219,436.4700012207031,438.79998779296875,427.1860656738281,3054700,0.0008204009806234147,4540,1730,0.04271933853927412,-0.01255707762557079,1,
2023-11-08,439.5,440.0400085449219,436.82000732421875,439.1600036621094,427.5365295410156,3617300,-0.007537162059191638,4382,1733,-0.03480176211453745,0.001734104046242857,0,
2023-11-09,440.45001220703125,440.45001220703125,435.3699951171875,435.8500061035156,424.3141174316406,4047900,0.015647595912664958,4700,1527,0.07256960292104053,-0.11886901327178301,1,
2023-11-10,437.9700012207031,442.9200134277344,436.3999938964844,442.6700134277344,430.95361328125,3673600,-0.0011521448731182105,4700,1568,0.0,0.026850032743942265,0,
2023-11-13,441.2099914550781,443.3299865722656,440.4100036621094,442.1600036621094,430.45709228515625,3675000,0.019608346358064077,4549,1701,-0.03212765957446806,0.0848214285714286,1,
2023-11-14,448.42999267578125,452.1000061035156,448.1099853515625,450.8299865722656,438.89764404296875,4063400,0.002018454159903982,4384,1923,-0.03627170806770719,0.13051146384479728,1,
2023-11-15,452.2200012207031,453.4200134277344,450.8500061035156,451.739990234375,439.7835388183594,5462000,0.0012397622981665801,3911,1859,-0.10789233576642332,-0.03328133125325017,1,
2023-11-16,451.260009765625,452.54998779296875,450.19000244140625,452.29998779296875,440.3287658691406,3578400,0.0010611494748693495,4909,1761,0.25517770391204286,-0.05271651425497581,1,
2023-11-17,452.4700012207031,453.4800109863281,451.3599853515625,452.7799987792969,440.7960205078125,3208800,0.008039391293439113,3936,1643,-0.1982073742106335,-0.06700738216922209,1,
2023-11-20,452.6099853515625,457.2099914550781,452.5799865722656,456.4200134277344,444.3397521972656,4520700,-0.00230066706158083,4848,1810,0.23170731707317072,0.10164333536214243,0,
2023-11-21,455.2300109863281,455.7099914550781,454.05999755859375,455.3699951171875,443.3174743652344,3133200,0.003799161360720449,4044,1682,-0.16584158415841588,-0.07071823204419891,1,
2023-11-22,457.07000732421875,458.4800109863281,455.9700012207031,457.1000061035156,445.001708984375,3391200,0.0007438031038109472,3570,1787,-0.1172106824925816,0.06242568370986912,1,
2023-11-24,457.17999267578125,457.5899963378906,456.80999755859375,457.44000244140625,445.33270263671875,1306500,-0.0018581942074722413,3181,1626,-0.10896358543417362,-0.09009513150531612,0,
2023-11-27,456.80999755859375,457.5899963378906,456.1700134277344,456.5899963378906,444.50518798828125,3092000,0.00085420759372834,3899,1809,0.22571518390443246,0.11254612546125453,1,
2023-11-28,456.17999267578125,458.3699951171875,455.5899963378906,456.9800109863281,444.8848876953125,2447800,-0.0004595970308111097,3785,1916,-0.029238266222108233,0.05914870093974578,0,
2023-11-29,459.260009765625,460.3999938964844,456.2900085449219,456.7699890136719,444.680419921875,3979700,0.0036124466141909117,4721,1927,0.2472919418758257,0.00574112734864296,1,
2023-11-30,457.57000732421875,458.8399963378906,455.4100036621094,458.4200134277344,446.28680419921875,4075100,0.005911545230740334,4377,1910,-0.07286591823766153,-0.008822003113648114,1,
2023-12-01,457.8900146484375,461.760009765625,457.2900085449219,461.1300048828125,448.925048828125,5396200,-0.004944401149229671,4018,1743,-0.08201964816084073,-0.08743455497382202,0,
2023-12-04,457.70001220703125,459.0400085449219,456.45001220703125,458.8500061035156,446.70538330078125,4123600,-0.00021793127608937812,3817,1839,-0.05002488800398208,0.055077452667814164,0,
2023-12-05,457.3999938964844,459.69000244140625,456.989990234375,458.75,446.6080322265625,4553400,-0.004141596829180916,3509,2060,-0.0806916426512968,0.12017400761283303,0,
2023-12-06,460.95001220703125,460.9800109863281,456.45001220703125,456.8500061035156,444.75836181640625,4045600,0.00768294317997964,3377,1975,-0.037617554858934144,-0.04126213592233008,1,
2023-12-07,459.0,461.0,456.79998779296875,460.3599853515625,448.1754150390625,6440900,0.004322811704248863,3017,1910,-0.10660349422564408,-0.032911392405063244,1,
2023-12-08,459.6099853515625,462.8699951171875,459.3500061035156,462.3500061035156,450.11279296875,5019300,0.0038930671674091144,3248,1829,0.07656612529002316,-0.04240837696335076,1,
2023-12-11,461.82000732421875,464.3299865722656,461.6199951171875,464.1499938964844,451.8651123046875,7102000,0.004955318924196206,3860,2563,0.18842364532019706,0.40131219245489347,1,
2023-12-12,463.7900085449219,466.45001220703125,462.75,466.45001220703125,454.104248046875,6803300,0.013699246939937515,3763,2030,-0.025129533678756477,-0.2079594225516972,1,
2023-12-13,466.6400146484375,472.989990234375,466.30999755859375,472.8399963378906,460.32513427734375,7733800,0.003129886407617466,4172,1966,0.10868987509965455,-0.0315270935960591,1,
2023-12-14,474.739990234375,475.9700012207031,471.4800109863281,474.32000732421875,461.7658996582031,7208400,-0.0016866535876829403,4365,2172,0.04626078619367213,0.10478128179043744,0,
2023-12-15,473.5899963378906,474.75,472.55999755859375,473.5199890136719,460.987060546875,6819900,0.005554288919146888,3478,1918,-0.20320733104238264,-0.1169429097605893,1,
2023-12-18,475.1199951171875,477.1400146484375,474.989990234375,476.1499938964844,463.5475158691406,8393500,0.0057754274738677225,4364,2077,0.2547441058079356,0.08289885297184574,1,
2023-12-19,476.7300109863281,479.0799865722656,476.6400146484375,478.8999938964844,466.2247009277344,5105400,-0.014329868639325283,4014,1783,-0.08020164986251144,-0.14155031295137221,0,
2023-12-20,476.25,478.1600036621094,470.0400085449219,470.1400146484375,459.54376220703125,6341600,0.01014587939034417,4047,1974,0.008221225710014934,0.10712282669657891,1,
2023-12-21,473.5400085449219,475.20001220703125,471.04998779296875,474.9100036621094,464.20623779296875,8863900,0.0019161652239712001,3500,1824,-0.13516184828267852,-0.07598784194528874,1,
2023-12-22,476.1300048828125,477.6300048828125,473.94000244140625,475.82000732421875,465.0957336425781,4267600,0.004308260680905951,3347,1549,-0.043714285714285706,-0.15076754385964908,1,
2023-12-26,476.32000732421875,478.80999755859375,476.2300109863281,477.8699951171875,467.0994873046875,2235700,0.0019043616860303647,3586,1665,0.0714072303555422,0.07488702388637836,1,
2023-12-27,477.7799987792969,478.8999938964844,477.1600036621094,478.7799987792969,467.989013671875,3761000,0.00045953508899598816,4001,1810,0.11572783045175683,0.08708708708708701,1,
2023-12-28,479.1499938964844,479.7900085449219,478.5199890136719,479.0,468.2040710449219,3429500,-0.00286010184647989,4193,1780,0.0479880029992501,-0.016574585635359074,0,
2023-12-29,478.7300109863281,479.260009765625,475.5400085449219,477.6300048828125,466.8649597167969,3990000,-0.005736676351664416,4106,1678,-0.0207488671595516,-0.057303370786516816,0,
2024-01-02,474.3999938964844,475.8800048828125,472.70001220703125,474.8900146484375,464.18670654296875,5185100,-0.008170293225653102,4619,2143,0.12493911349245002,0.2771156138259834,0,
2024-01-03,472.6600036621094,473.4100036621094,470.3800048828125,471.010009765625,460.3941650390625,5996000,-0.0030785759378971767,4306,2008,-0.06776358519159986,-0.0629958002799813,0,
2024-01-04,470.510009765625,473.19000244140625,469.2699890136719,469.55999755859375,458.976806640625,6198300,0.001192639346712543,4152,2051,-0.0357640501625639,0.021414342629482164,1,
2024-01-05,469.70001220703125,472.6600036621094,468.6499938964844,470.1199951171875,459.5242004394531,10429500,0.013762470456123888,3971,1975,-0.04359344894026973,-0.03705509507557292,1,
2024-01-08,470.6199951171875,476.9800109863281,470.54998779296875,476.5899963378906,465.848388671875,8460200,-0.0009441254850991454,4451,2029,0.12087635356333415,0.027341772151898702,0,
2024-01-09,474.17999267578125,477.1700134277344,473.6000061035156,476.1400146484375,465.4085693359375,5361200,0.005607485337537632,5207,2111,0.16984947202875755,0.04041399704287829,1,
2024-01-10,476.3900146484375,479.69000244140625,476.1400146484375,478.80999755859375,468.0183410644531,5500300,-0.0005430351085108365,6177,1977,0.18628768964855014,-0.0634770251065846,0,
2024-01-11,479.8399963378906,480.3500061035156,474.5,478.54998779296875,467.7641906738281,7450200,0.0008568149540011394,6132,2094,-0.0072850898494414285,0.05918057663125942,1,
2024-01-12,480.1499938964844,480.8500061035156,477.5,478.9599914550781,468.16497802734375,3797300,-0.0034659141650092984,4496,1830,-0.2667971298108285,-0.1260744985673352,0,
2024-01-16,477.510009765625,478.8599853515625,475.32000732421875,477.29998779296875,466.5423583984375,8024500,-0.005614855380090877,4621,2210,0.027802491103202875,0.20765027322404372,0,
2024-01-17,474.05999755859375,475.0400085449219,472.1099853515625,474.6199951171875,463.92279052734375,8311000,0.008575222101666391,4427,2348,-0.041982254923176754,0.06244343891402715,1,
2024-01-18,476.2200012207031,479.29998779296875,474.67999267578125,478.69000244140625,467.9010314941406,4871700,0.01251341867148592,4218,2027,-0.047210300429184504,-0.13671209540034068,1,
2024-01-19,479.92999267578125,485.0199890136719,479.239990234375,484.67999267578125,473.7560729980469,5475100,0.0021663820865176486,5254,2115,0.2456140350877194,0.04341391218549573,1,
2024-01-22,486.3699951171875,487.5400085449219,485.1199951171875,485.7300109863281,474.78240966796875,7017000,0.003108691725689061,6669,1838,0.2693186143890369,-0.13096926713947987,1,
2024-01-23,486.3699951171875,487.4100036621094,485.19000244140625,487.239990234375,476.25836181640625,2839700,0.0007593216828825078,5590,2506,-0.16179337231968816,0.36343852013057676,1,
2024-01-24,490.1300048828125,491.1000061035156,487.3399963378906,487.6099853515625,476.6199951171875,5547700,0.0055781564263122085,6096,2115,0.09051878354203935,-0.156025538707103,1,
2024-01-25,489.94000244140625,490.6199951171875,487.7300109863281,490.3299865722656,479.2786560058594,6638200,-0.0010399870665417366,5902,1954,-0.03182414698162728,-0.07612293144208038,0,
2024-01-26,489.9200134277344,491.45001220703125,488.8800048828125,489.82000732421875,478.78021240234375,4097700,0.00786006716949239,5137,1682,-0.12961707895628605,-0.13920163766632554,1,
2024-01-29,490.04998779296875,493.7699890136719,489.5,493.6700134277344,482.54345703125,6073800,-0.0007495580567246085,6738,2118,0.3116605022386607,0.25921521997621877,0,
2024-01-30,492.8800048828125,493.9800109863281,492.45001220703125,493.29998779296875,482.1817626953125,4494600,-0.016419989402620128,5902,2199,-0.12407242505194416,0.0382436260623229,0,
2024-01-31,490.94000244140625,491.44000244140625,485.19000244140625,485.20001220703125,474.26434326171875,10650500,0.01327283067281293,4969,2285,-0.1580820060996272,0.03910868576625748,1,
2024-02-01,486.9200134277344,491.6400146484375,486.1600036621094,491.6400146484375,480.5591735839844,6417100,0.01031240119126453,4339,2287,-0.12678607365667138,0.0008752735229760056,1,
2024-02-02,492.0199890136719,498.42999267578125,491.6600036621094,496.7099914550781,485.514892578125,4709200,-0.0033419337255219395,4495,2134,0.035952984558654144,-0.06689986882378662,0,
2024-02-05,496.05999755859375,496.54998779296875,492.5899963378906,495.04998779296875,483.892333984375,6850200,0.0027067672776754925,4395,2201,-0.022246941045606206,0.03139643861293351,1,
2024-02-06,495.8599853515625,496.67999267578125,494.4100036621094,496.3900146484375,485.2021179199219,4469400,0.008118634114138379,4178,2288,-0.049374288964732616,0.03952748750567925,1,
2024-02-07,498.6700134277344,500.94000244140625,497.79998779296875,500.4200134277344,489.14129638671875,5625000,0.0006594634375876041,4514,2033,0.0804212541886069,-0.11145104895104896,1,
2024-02-08,500.57000732421875,501.0899963378906,499.6499938964844,500.75,489.4638671875,4063000,0.005791286005295104,4865,2102,0.07775808595480727,0.03393999016232163,1,
2024-02-09,501.29998779296875,504.07000732421875,500.9100036621094,503.6499938964844,492.2984924316406,2628800,-0.000536151414763375,5402,1928,0.11038026721479954,-0.08277830637488104,0,
2024-02-12,503.6099853515625,505.9200134277344,502.6499938964844,503.3800048828125,492.0345458984375,2628700,-0.01342914849282284,6179,1820,0.14383561643835607,-0.05601659751037347,0,
2024-02-13,496.9200134277344,503.2799987792969,493.07000732421875,496.6199951171875,485.42694091796875,5465600,0.008920395285691995,5310,1979,-0.14063764363165565,0.08736263736263727,1,
2024-02-14,499.2300109863281,501.5,496.7900085449219,501.04998779296875,489.75714111328125,4673900,0.006586030399862608,4806,1792,-0.09491525423728808,-0.09449216776149572,1,
2024-02-15,501.69000244140625,504.6300048828125,501.2200012207031,504.3500061035156,492.9826965332031,3963900,-0.004758495033167165,4746,2056,-0.012484394506866447,0.1473214285714286,0,
2024-02-16,504.1400146484375,505.2900085449219,501.19000244140625,501.95001220703125,490.6368408203125,4385800,-0.005558434721295802,4589,1875,-0.033080488832701205,-0.08803501945525294,0,
2024-02-20,500.1199951171875,500.8500061035156,496.8500061035156,499.1600036621094,487.90966796875,5928500,0.000901435992790578,5010,2069,0.09174112006973201,0.1034666666666666,1,
2024-02-21,497.80999755859375,499.7799987792969,495.94000244140625,499.6099853515625,488.3494873046875,4236900,0.020896454720452873,4615,2005,-0.07884231536926145,-0.030932817786370248,1,
2024-02-22,506.45001220703125,510.94000244140625,505.4700012207031,510.04998779296875,498.55426025390625,4080100,0.0005686608728141529,4887,2028,0.05893824485373789,0.011471321695760706,1,
2024-02-23,511.7799987792969,512.6300048828125,509.57000732421875,510.3399963378906,498.8377685546875,4343200,-0.00376234650906071,4622,1854,-0.0542254962144465,-0.08579881656804733,0,
2024-02-26,510.82000732421875,511.2200012207031,508.3399963378906,508.4200134277344,496.9609680175781,3721000,0.0017702813677640261,4627,2269,0.00108178277801807,0.22384034519956852,1,
2024-02-27,509.1600036621094,509.6300048828125,507.2099914550781,509.32000732421875,497.8407287597656,3729100,-0.0012566475891215845,4404,2223,-0.04819537497298465,-0.02027324812692821,0,
2024-02-28,507.80999755859375,509.29998779296875,507.4200134277344,508.67999267578125,497.2151184082031,4353500,0.003479585545590913,4596,2179,0.043596730245231585,-0.019793072424651337,1,
2024-02-29,510.5299987792969,512.2100219726562,507.82000732421875,510.45001220703125,498.9452209472656,5996100,0.00967770327504236,4394,1994,-0.04395126196692778,-0.08490133088572738,1,
2024-03-01,511.4800109863281,515.7999877929688,511.07000732421875,515.3900146484375,503.77386474609375,4582400,-0.001183450448646206,6148,1859,0.3991807009558488,-0.06770310932798396,0,
2024-03-04,514.52001953125,516.719970703125,514.510009765625,514.780029296875,503.17767333984375,4351500,-0.01010145118978345,6485,2160,0.05481457384515287,0.16191500806885428,0,
2024-03-05,512.75,513.1699829101562,507.3500061035156,509.5799865722656,498.0948486328125,5068800,0.005416267501684224,6625,2127,0.021588280647648395,-0.015277777777777724,1,
2024-03-06,513.0999755859375,514.5800170898438,510.92999267578125,512.3400268554688,500.79266357421875,4234100,0.00993475065834959,5319,2064,-0.1971320754716981,-0.02961918194640334,1,
2024-03-07,515.6500244140625,518.4299926757812,514.7000122070312,517.4299926757812,505.7679138183594,4647300,-0.006068604464742999,4376,1928,-0.1772889640909946,-0.06589147286821706,0,
2024-03-08,517.989990234375,520.780029296875,513.6500244140625,514.2899780273438,502.6986083984375,4825800,-0.00048602428251620644,4060,1673,-0.07221206581352835,-0.13226141078838172,0,
2024-03-11,512.97998046875,514.3599853515625,511.0199890136719,514.0399780273438,502.45428466796875,7239900,0.010427271604189992,4350,1902,0.0714285714285714,0.13687985654512858,1,
2024-03-12,515.9500122070312,519.9199829101562,513.3699951171875,519.4000244140625,507.6935119628906,7437900,-0.001597910471930919,4769,1845,0.09632183908045966,-0.029968454258675115,0,
2024-03-13,519.6599731445312,519.8400268554688,517.0399780273438,518.5700073242188,506.88226318359375,3854600,-0.0021790517942784637,4625,2071,-0.030195009435940445,0.12249322493224923,0,
2024-03-14,519.52001953125,519.6799926757812,514.3200073242188,517.4400024414062,505.7777404785156,20332600,-0.008136327502175966,4085,2049,-0.11675675675675679,-0.010622887493964228,0,
2024-03-15,514.280029296875,515.7999877929688,512.4299926757812,513.22998046875,501.6625671386719,8081100,0.007053207294908548,3645,1984,-0.10771113831089352,-0.03172279160566127,1,
2024-03-18,518.1599731445312,519.6500244140625,516.3300170898438,516.8499755859375,505.2008972167969,13385200,0.005785342080482092,5482,1774,0.5039780521262003,-0.10584677419354838,1,
2024-03-19,516.2999877929688,520.1400146484375,515.27001953125,519.8400268554688,508.1236572265625,4569200,0.00929118191761824,4787,1626,-0.1267785479751915,-0.08342728297632473,1,
2024-03-20,519.9400024414062,524.8099975585938,519.25,524.6699829101562,512.8447265625,5450100,0.00308790961872063,4509,1749,-0.058073950282013787,0.07564575645756455,1,
2024-03-21,525.969970703125,526.6599731445312,524.4600219726562,524.6199951171875,514.4283447265625,4520000,-0.0013341806280057211,4094,1731,-0.09203814593036153,-0.010291595197255532,0,
2024-03-22,524.6300048828125,525.1699829101562,523.52001953125,523.9199829101562,513.7420043945312,6940100,-0.0031302760590313783,3681,1565,-0.10087933561309237,-0.09589832466782211,0,
2024-03-25,522.3099975585938,523.47998046875,522.1500244140625,522.280029296875,512.1338500976562,6297200,-0.0021063543277930474,4478,1379,0.21651725074707961,-0.11884984025559109,0,
2024-03-26,523.8200073242188,524.1300048828125,520.9500122070312,521.1799926757812,511.05511474609375,5932600,0.008711082490448385,4420,1631,-0.012952210808396591,0.18274111675126914,1,
2024-03-27,524.260009765625,525.77001953125,522.02001953125,525.719970703125,515.5069580078125,4777600,1.8943730726306285e-05,3980,1534,-0.09954751131221717,-0.05947271612507665,1,
2024-03-28,525.8400268554688,527.1599731445312,525.3400268554688,525.72998046875,515.5167236328125,4717000,-0.0016166983928680434,3767,1665,-0.05351758793969852,0.08539765319426329,0,
2024-04-01,526.3599853515625,526.9600219726562,523.5399780273438,524.8800048828125,514.6832885742188,6170800,-0.006534780436476595,4484,1850,0.19033713830634458,0.11111111111111116,0,
2024-04-02,520.77001953125,521.52001953125,519.0399780273438,521.4500122070312,511.3199462890625,7653100,0.0011125082453333768,4121,1893,-0.0809545049063336,0.023243243243243228,1,
2024-04-03,520.260009765625,523.510009765625,520.2100219726562,522.030029296875,511.8887939453125,5820200,-0.012298394164343751,3828,1789,-0.07109924775539922,-0.054939249867934525,0,
2024-04-04,526.0900268554688,526.4299926757812,515.27001953125,515.6099853515625,505.5933837890625,7222700,0.010434299309409978,3564,1505,-0.06896551724137934,-0.1587479038569033,1,
2024-04-05,517.0,523.0,516.5499877929688,520.989990234375,510.868896484375,5275900,0.00026857581699379907,4281,1490,0.20117845117845112,-0.009966777408637828,1,
2024-04-08,521.7100219726562,522.739990234375,520.4299926757812,521.1300048828125,511.006103515625,10802300,0.001247383641626909,4076,1233,-0.04788600794206965,-0.17248322147651007,1,
2024-04-09,523.0399780273438,523.280029296875,516.8800048828125,521.780029296875,511.6435241699219,4963300,-0.009697632673219214,3968,1280,-0.026496565260058835,0.03811841038118402,0,
2024-04-10,515.97998046875,518.6900024414062,514.6099853515625,516.719970703125,506.6817932128906,4616400,0.007489693547814813,3767,1196,-0.050655241935483875,-0.06562500000000004,1,
2024-04-11,518.2000122070312,522.02001953125,514.5999755859375,520.5900268554688,510.4766845703125,4333400,-0.013984145678023308,3699,1203,-0.018051499867268395,0.005852842809364489,0,
2024-04-12,516.9299926757812,518.3499755859375,511.6000061035156,513.3099975585938,503.3381042480469,6513700,-0.012390241589611994,3874,1205,0.0473100838064342,0.0016625103906899863,0,
2024-04-15,517.6900024414062,517.8099975585938,506.04998779296875,506.95001220703125,497.10162353515625,6399000,-0.0019134354626236805,3094,1196,-0.20134228187919467,-0.007468879668049766,0,
2024-04-16,507.3699951171875,508.989990234375,504.67999267578125,505.9800109863281,496.15045166015625,8287400,-0.005810421028403567,3594,1216,0.16160310277957346,0.01672240802675584,0,
2024-04-17,508.5299987792969,508.6700134277344,501.5799865722656,503.0400085449219,493.2676086425781,7635500,-0.0023060752157668674,3225,1159,-0.10267111853088484,-0.046875,0,
2024-04-18,504.42999267578125,506.5799865722656,501.0,501.8800048828125,492.1300964355469,4808700,-0.00866736751725572,2989,1184,-0.07317829457364344,0.021570319240724833,0,
2024-04-19,501.8599853515625,502.8900146484375,496.29998779296875,497.5299987792969,487.8646240234375,6355500,0.009225559208394518,2952,1081,-0.01237872198059553,-0.0869932432432432,1,
2024-04-22,500.3299865722656,504.8299865722656,497.8500061035156,502.1199951171875,492.3654479980469,4210800,0.012048967167190394,3178,1212,0.07655826558265577,0.12118408880666043,1,
2024-04-23,504.2300109863281,508.54998779296875,503.67999267578125,508.1700134277344,498.2979431152344,4221900,-0.00039361285214856157,3276,1229,0.03083700440528636,0.014026402640264113,0,
2024-04-24,509.0299987792969,509.8500061035156,505.6400146484375,507.9700012207031,498.101806640625,4457800,-0.00423249886654653,3166,1173,-0.03357753357753357,-0.045565500406834825,0,
2024-04-25,501.6099853515625,506.75,499.95001220703125,505.82000732421875,495.99359130859375,3714400,0.009786055476997735,3097,1196,-0.02179406190777,0.019607843137254832,1,
2024-04-26,508.8500061035156,512.3900146484375,508.2099914550781,510.7699890136719,500.847412109375,4026900,0.003563296775825675,2913,1066,-0.05941233451727479,-0.10869565217391308,1,
2024-04-29,512.6500244140625,513.27001953125,509.7699890136719,512.5900268554688,502.632080078125,3102700,-0.015899760586483014,3587,1227,0.23137658771026426,0.1510318949343339,0,
2024-04-30,511.05999755859375,512.0599975585938,504.44000244140625,504.44000244140625,494.6403503417969,4931200,-0.003132146189855578,3333,1193,-0.07081126289378314,-0.027709861450692763,0,
2024-05-01,503.79998779296875,510.69000244140625,502.3500061035156,502.8599853515625,493.091064453125,5061600,0.009147641160746067,2894,1155,-0.13171317131713167,-0.0318524727577536,1,
2024-05-02,506.67999267578125,508.3699951171875,501.9700012207031,507.4599914550781,497.6016845703125,3670300,0.01257245140447849,2863,1088,-0.0107118175535591,-0.058008658008657954,1,
2024-05-03,513.72998046875,515.030029296875,511.07000732421875,513.8400268554688,503.8577575683594,3004000,0.010411794109789207,3020,1113,0.05483758295494234,0.022977941176470562,1,
2024-05-06,516.2899780273438,519.1900024414062,515.8499755859375,519.1900024414062,509.10382080078125,5099700,0.0012905284003166262,3230,1135,0.06953642384105962,0.01976639712488759,1,
2024-05-07,520.1199951171875,521.1199951171875,519.010009765625,519.8599853515625,509.7608337402344,6597800,-9.614553968206874e-05,3207,1148,-0.007120743034055743,0.011453744493391982,0,
2024-05-08,517.7999877929688,520.280029296875,517.72998046875,519.8099975585938,509.7118225097656,3693500,0.005482798501781572,3153,1095,-0.016838166510757757,-0.04616724738675959,1,
2024-05-09,519.989990234375,522.7899780273438,519.280029296875,522.6599731445312,512.5064697265625,3153100,0.0013965858376883133,2956,1181,-0.062480177608626675,0.0785388127853881,1,
2024-05-10,524.4099731445312,525.25,522.1900024414062,523.3900146484375,513.2222290039062,2421200,0.00034393224201845207,2848,1010,-0.03653585926928282,-0.14479254868755287,1,
2024-05-13,525.2000122070312,525.27001953125,522.3800048828125,523.5700073242188,513.3987426757812,2566800,0.004564927287263654,3061,1407,0.0747893258426966,0.393069306930693,1,
2024-05-14,523.7000122070312,526.4199829101562,523.1699829101562,525.9600219726562,515.7423706054688,3288300,0.012396089289807621,3173,1277,0.03658934988565821,-0.09239516702203265,1,
2024-05-15,528.510009765625,532.739990234375,527.8200073242188,532.47998046875,522.1355590820312,3568800,-0.002347256217628102,3239,1253,0.020800504254648633,-0.018794048551292075,0,
2024-05-16,532.530029296875,534.1799926757812,531.1699829101562,531.22998046875,520.9099731445312,5526300,0.001694164768801354,3909,1132,0.20685396727384986,-0.09656823623304067,1,
2024-05-17,531.4500122070312,532.1699829101562,529.9500122070312,532.1300048828125,521.79248046875,4234400,0.0011651589744261504,3615,1108,-0.07521105141980045,-0.021201413427561877,1,
2024-05-20,532.219970703125,534.239990234375,531.8200073242188,532.75,522.4004516601562,2270000,0.0024400021077206624,3097,1167,-0.14329183955739977,0.05324909747292428,1,
2024-05-21,531.9199829101562,534.1799926757812,531.760009765625,534.0499877929688,523.6751098632812,2676000,-0.002845956237449543,3290,1301,0.06231837261866313,0.11482433590402752,0,
2024-05-22,533.2999877929688,534.02001953125,530.2899780273438,532.530029296875,522.1847534179688,3052600,-0.00730479605165113,3062,1300,-0.06930091185410336,-0.000768639508070712,0,
2024-05-23,535.6500244140625,535.739990234375,527.3699951171875,528.6400146484375,518.3703002929688,2665000,0.0066397197025920285,3061,1235,-0.0003265839320705233,-0.050000000000000044,1,
2024-05-24,530.489990234375,532.9299926757812,529.5399780273438,532.1500244140625,521.8121337890625,1920700,0.0007702321925475708,2818,1157,-0.07938582162691932,-0.06315789473684208,1,
2024-05-28,532.9400024414062,533.1599731445312,529.7999877929688,532.5599975585938,522.2140502929688,3431400,-0.007153964694765258,3725,1198,0.321859474804826,0.03543647363872093,0,
2024-05-29,528.3300170898438,529.9500122070312,528.010009765625,528.75,518.4781494140625,4272400,-0.006487186314929283,3313,1226,-0.11060402684563764,0.023372287145241977,0,
2024-05-30,527.1599731445312,527.8300170898438,523.9299926757812,525.3200073242188,515.1146850585938,2718200,0.008832842257826323,3260,1156,-0.01599758527014794,-0.057096247960848334,1,
2024-05-31,526.1799926757812,530.1900024414062,520.9600219726562,529.9600219726562,519.6646118164062,3933600,0.0006226080358835429,2832,1082,-0.13128834355828223,-0.06401384083044981,1,
2024-06-03,531.7100219726562,531.8300170898438,525.25,530.2899780273438,519.9881591796875,2958400,0.0014708633830726736,3143,1450,0.10981638418079087,0.3401109057301295,1,
2024-06-04,529.1599731445312,531.8200073242188,527.6099853515625,531.0700073242188,520.7529907226562,2188900,0.011975948946187032,2914,1755,-0.07286032453070312,0.21034482758620698,1,
2024-06-05,533.510009765625,537.4299926757812,531.4199829101562,537.4299926757812,526.989501953125,3201300,-3.729357082005169e-05,3049,1495,0.04632807137954709,-0.14814814814814814,0,
2024-06-06,537.760009765625,538.0900268554688,535.3800048828125,537.4099731445312,526.9698486328125,25007800,-0.001265480594226931,3771,1532,0.23679895047556565,0.02474916387959869,0,
2024-06-07,536.260009765625,539.6199951171875,535.239990234375,536.72998046875,526.302978515625,3081700,0.002981346982493749,2896,1465,-0.23203394325112703,-0.04373368146214096,1,
2024-06-10,536.0,538.6900024414062,535.2899780273438,538.3300170898438,527.8720703125,2460000,0.0024798072671639027,3406,1260,0.17610497237569067,-0.13993174061433444,1,
2024-06-11,535.1900024414062,538.1400146484375,533.1099853515625,538.0499877929688,529.1810913085938,3888400,0.008326314001113833,3749,1221,0.10070463887257786,-0.030952380952380953,1,
2024-06-12,542.780029296875,545.22998046875,541.4600219726562,542.530029296875,533.5872192382812,5384300,0.0021011649918389885,3695,1260,-0.014403841024273167,0.03194103194103204,1,
2024-06-13,544.280029296875,544.469970703125,540.75,543.6699829101562,534.7083740234375,4779600,0.000349631112352089,3191,1208,-0.1364005412719892,-0.041269841269841234,1,
2024-06-14,542.0599975585938,543.9600219726562,541.010009765625,543.8599853515625,534.8953247070312,5444600,0.008182251268724183,2960,1214,-0.07239109996866189,0.004966887417218624,1,
2024-06-17,543.239990234375,549.5900268554688,542.760009765625,548.3099975585938,539.27197265625,5746800,0.002425687844125779,3215,1218,0.08614864864864868,0.0032948929159801743,1,
2024-06-18,548.3599853515625,549.77001953125,547.9099731445312,549.6400146484375,540.580078125,5221800,-0.0030929683463583046,3379,1361,0.051010886469673444,0.11740558292282421,0,
2024-06-20,550.6400146484375,551.2899780273438,546.4099731445312,547.9400024414062,538.9080810546875,5709600,-0.0016972706176021646,3282,1320,-0.02870671796389468,-0.03012490815576785,0,
2024-06-21,547.3400268554688,548.5700073242188,546.0,547.010009765625,537.993408203125,5104200,-0.002559537234397391,2871,1253,-0.1252285191956124,-0.05075757575757578,0,
2024-06-24,547.27001953125,549.8800048828125,545.52001953125,545.6099853515625,536.6163940429688,3857000,0.003794050516593428,2887,1194,0.005572971090212375,-0.04708699122106941,1,
2024-06-25,546.8900146484375,548.1400146484375,545.4500122070312,547.6799926757812,538.65234375,4817500,0.0015337756989013407,3140,1147,0.08763422237616902,-0.03936348408710222,1,
2024-06-26,546.6300048828125,549.1699829101562,546.010009765625,548.52001953125,539.478515625,10241900,0.0014584532588979293,2745,1069,-0.12579617834394907,-0.06800348735832606,1,
2024-06-27,548.3300170898438,549.8599853515625,547.5700073242188,549.3200073242188,540.2653198242188,6369100,-0.0038048028476315165,2929,1102,0.06703096539162123,0.030869971936389184,0,
2024-06-28,550.1099853515625,553.25,545.8699951171875,547.22998046875,538.209716796875,5968900,0.0021563778205286876,2619,1056,-0.10583817002389895,-0.04174228675136116,1,
2024-07-01,548.5800170898438,548.8300170898438,545.5700073242188,548.4099731445312,539.3703002929688,3912500,0.006381999046513709,3194,1089,0.2195494463535701,0.03125,1,
2024-07-02,546.6699829101562,552.010009765625,546.5999755859375,551.9099731445312,542.8125610351562,2599500,0.0043849169292291545,3355,1100,0.05040701314965568,0.010101010101010166,1,
2024-07-03,551.6099853515625,554.8099975585938,551.6099853515625,554.3300170898438,545.1927490234375,4554900,0.006187560439826267,3174,1097,-0.05394932935916541,-0.0027272727272726893,1,
2024-07-05,554.75,558.0599975585938,554.2000122070312,557.760009765625,548.566162109375,2759800,0.0011652581503538428,2720,1185,-0.14303717706364205,0.08021877848678205,1,
2024-07-08,558.4600219726562,559.260009765625,557.2000122070312,558.4099731445312,549.2053833007812,3145000,0.0009314104706272808,3130,1348,0.15073529411764697,0.13755274261603367,1,
2024-07-09,559.2100219726562,560.1300048828125,558.5399780273438,558.9299926757812,549.7169189453125,2257500,0.009518171306653889,3086,1278,-0.014057507987220497,-0.05192878338278928,1,
2024-07-10,560.0999755859375,564.7100219726562,559.7899780273438,564.25,554.94921875,2124300,-0.008489282345653826,3152,1189,0.021386908619572154,-0.06964006259780908,0,
2024-07-11,564.5,565.3599853515625,558.8300170898438,559.4600219726562,550.2380981445312,2863400,0.006399262748137735,3337,1166,0.058692893401015134,-0.019343986543313707,1,
2024-07-12,560.6300048828125,566.72998046875,560.2999877929688,563.0399780273438,553.7592163085938,2778500,0.0027881166886793984,3031,1087,-0.0916991309559485,-0.06775300171526588,1,
2024-07-15,565.0900268554688,567.8800048828125,562.6900024414062,564.6099853515625,555.3031616210938,3680200,0.005933555042944683,3020,1337,-0.003629165291982872,0.22999080036798536,1,
2024-07-16,566.0599975585938,568.239990234375,565.1599731445312,567.9600219726562,558.5980834960938,2379500,-0.01396219500482454,3345,1087,0.10761589403973515,-0.18698578908002994,0,
2024-07-17,561.8099975585938,563.510009765625,559.6500244140625,560.030029296875,550.798828125,2759200,-0.007910430163576287,3491,1159,0.04364723467862475,0.06623735050597968,0,
2024-07-18,561.5700073242188,562.5599975585938,553.47998046875,555.5999755859375,546.4417724609375,3420300,-0.006515429298790454,3175,1165,-0.090518476081352,0.0051768766177739955,0,
2024-07-19,555.4199829101562,557.010009765625,550.9199829101562,551.97998046875,542.8814697265625,2999800,0.010380715425253761,3792,1082,0.19433070866141722,-0.07124463519313307,1,
2024-07-22,556.0499877929688,558.280029296875,554.0399780273438,557.7100219726562,548.5169677734375,2352600,-0.0016674266616014677,3084,1094,-0.18670886075949367,0.01109057301293892,0,
2024-07-23,557.5599975585938,559.72998046875,556.280029296875,556.780029296875,547.6023559570312,2344700,-0.02257622311931773,3007,1171,-0.024967574578469542,0.07038391224862894,0,
2024-07-24,551.8200073242188,552.1400146484375,543.260009765625,544.2100219726562,535.2395629882812,6323800,-0.00527381401047855,3148,1115,0.046890588626538054,-0.04782237403928269,0,
2024-07-25,544.3200073242188,550.4299926757812,540.3800048828125,541.3400268554688,532.4168090820312,4419600,0.011176165583930642,3645,1178,0.1578780177890724,0.05650224215246635,1,
2024-07-26,545.2000122070312,550.1500244140625,544.4400024414062,547.3900146484375,538.3671875,3520400,0.0006940564641348956,3129,1036,-0.1415637860082305,-0.12054329371816641,1,
2024-07-29,548.989990234375,550.02001953125,545.6900024414062,547.77001953125,538.7408447265625,2735200,-0.00538545984753136,2765,1056,-0.11633109619686799,0.019305019305019266,0,
2024-07-30,549.22998046875,550.27001953125,541.4600219726562,544.8200073242188,535.8394775390625,3670900,0.015601546110041609,3384,1087,0.22386980108499088,0.029356060606060552,1,
2024-07-31,551.8900146484375,556.4000244140625,550.5599975585938,553.3200073242188,544.1994018554688,4102300,-0.013138947773834952,3362,1282,-0.006501182033096908,0.17939282428702863,0,
2024-08-01,555.5700073242188,557.8200073242188,542.3499755859375,546.0499877929688,537.0491943359375,4487200,-0.018826086650163276,3080,1106,-0.08387864366448539,-0.13728549141965674,0,
2024-08-02,538.6799926757812,539.8599853515625,531.4600219726562,535.77001953125,526.9386596679688,5429300,-0.02909839421787319,3431,1100,0.11396103896103904,-0.005424954792043413,0,
2024-08-05,514.3699951171875,526.3900146484375,513.02001953125,520.1799926757812,511.6055908203125,10545200,0.009496732698285104,7216,2501,1.1031769163509182,1.2736363636363635,1,
2024-08-06,522.1199951171875,532.5900268554688,519.9299926757812,525.1199951171875,516.4641723632812,6335500,-0.006912637091929796,6861,2058,-0.04919623059866962,-0.17712914834066373,0,
2024-08-07,531.3699951171875,534.4600219726562,520.8599853515625,521.489990234375,512.89404296875,6968600,0.02316435438834663,5002,1460,-0.2709517563037458,-0.2905733722060253,1,
2024-08-08,526.5999755859375,534.1400146484375,524.7000122070312,533.5700073242188,524.77490234375,3865200,0.004273130499591105,4186,1471,-0.16313474610155942,0.007534246575342518,1,
2024-08-09,532.739990234375,537.3499755859375,531.4400024414062,535.8499755859375,527.017333984375,3635600,0.00048525406698507467,3562,1370,-0.1490683229813664,-0.06866077498300471,1,
2024-08-12,537.1400146484375,538.6300048828125,533.9000244140625,536.1099853515625,527.2730712890625,4646600,0.016638456867251517,3726,1211,0.04604154969118479,-0.11605839416058394,1,
2024-08-13,539.530029296875,545.25,535.9299926757812,545.030029296875,536.0460815429688,4299700,0.0032656694576842504,3648,1284,-0.020933977455716568,0.06028075970272506,1,
2024-08-14,545.8499755859375,547.9199829101562,543.1599731445312,546.8099975585938,537.796630859375,4218200,0.017117529161550182,3591,1137,-0.015625,-0.11448598130841126,1,
2024-08-15,552.5599975585938,556.3900146484375,551.9199829101562,556.1699829101562,547.0023803710938,3944800,0.002265432147668278,3938,933,0.09663046505151773,-0.17941952506596304,1,
2024-08-16,554.4500122070312,558.0499877929688,554.280029296875,557.4299926757812,548.2415771484375,4186100,0.009292627017976285,3367,1050,-0.1449974606399187,0.12540192926045024,1,
2024-08-19,557.7899780273438,562.6799926757812,556.9400024414062,562.6099853515625,553.336181640625,4642800,-0.0014928534082812028,3771,929,0.11998811998812009,-0.11523809523809525,0,
2024-08-20,562.219970703125,563.9299926757812,560.3900146484375,561.77001953125,552.5101318359375,2874800,0.003898335079845827,3612,1060,-0.04216388225934764,0.1410118406889127,1,
2024-08-21,562.8300170898438,565.1799926757812,561.0599975585938,563.9600219726562,554.6640014648438,4434000,-0.008458104794272225,3407,1077,-0.05675526024363231,0.016037735849056656,0,
2024-08-22,565.6699829101562,566.2899780273438,558.0499877929688,559.1900024414062,549.9725952148438,3448300,0.010801319446070545,3234,1160,-0.05077781039037277,0.07706592386258126,1,
2024-08-23,562.6400146484375,566.2000122070312,560.3599853515625,565.22998046875,555.9130249023438,2450100,-0.0028306737348238187,3041,1042,-0.05967841682127395,-0.10172413793103452,0,
2024-08-26,566.2999877929688,567.02001953125,562.1500244140625,563.6300048828125,554.3394165039062,5861500,0.00182740115193325,3423,1005,0.12561657349556077,-0.03550863723608444,1,
2024-08-27,562.5700073242188,565.1400146484375,561.469970703125,564.6599731445312,555.3524169921875,2258100,-0.005844226781848483,3539,1085,0.03388840198656151,0.07960199004975133,0,
2024-08-28,564.280029296875,564.760009765625,558.0800170898438,561.3599853515625,552.1068115234375,2890600,0.00016051793787963398,3385,1111,-0.04351511726476409,0.023963133640553025,1,
2024-08-29,563.3900146484375,566.7899780273438,560.27001953125,561.4500122070312,552.1954345703125,2504500,0.00943963692513794,3260,1110,-0.03692762186115217,-0.0009000900090009312,1,
2024-08-30,563.8800048828125,567.3300170898438,560.219970703125,566.75,557.407958984375,3016100,-0.020273478270962486,3060,1066,-0.06134969325153372,-0.03963963963963968,0,
2024-09-03,563.530029296875,563.8699951171875,552.5499877929688,555.260009765625,546.1073608398438,7817800,-0.0020890931388848344,3614,1372,0.18104575163398695,0.2870544090056286,0,
2024-09-04,553.25,557.4299926757812,552.489990234375,554.0999755859375,544.9664916992188,3948900,-0.0027792303295955945,3613,1457,-0.0002767017155506091,0.06195335276967939,0,
2024-09-05,553.9400024414062,556.77001953125,550.1099853515625,552.5599975585938,543.451904296875,6824000,-0.016631670828880285,3259,1298,-0.09797951840575703,-0.1091283459162663,0,
2024-09-06,552.9400024414062,554.5499877929688,542.4099731445312,543.3699951171875,534.4133911132812,3525700,0.011226121478617346,3299,1023,0.012273703590058194,-0.211864406779661,1,
2024-09-09,547.6500244140625,550.7000122070312,545.6799926757812,549.469970703125,540.4127807617188,4313000,0.0036945499853571206,3779,1154,0.1454986359502879,0.12805474095796687,1,
2024-09-10,551.3900146484375,552.1599731445312,546.4199829101562,551.5,542.4093627929688,5964600,0.010788767879678307,3611,1103,-0.04445620534532946,-0.04419410745233965,1,
2024-09-11,551.7000122070312,558.4099731445312,542.9099731445312,557.4500122070312,548.2612915039062,4692000,0.008466929757190211,3410,1136,-0.05566325117695925,0.029918404351767958,1,
2024-09-12,558.0399780273438,562.4400024414062,555.8599853515625,562.1699829101562,552.9033813476562,3480300,0.005123212657260678,3465,1296,0.016129032258064502,0.14084507042253525,1,
2024-09-13,562.780029296875,566.1599731445312,562.5599975585938,565.0499877929688,555.7360229492188,3952900,0.0016635587284994369,3347,1090,-0.034054834054834004,-0.15895061728395066,1,
2024-09-16,564.8699951171875,566.260009765625,563.030029296875,565.989990234375,556.6605224609375,2453800,0.00037103936854898656,3419,1172,0.021511801613385062,0.07522935779816509,1,
2024-09-17,568.260009765625,569.6900024414062,563.969970703125,566.2000122070312,556.8670654296875,3725800,-0.0029847507209238566,3411,1260,-0.0023398654577362343,0.07508532423208192,0,
2024-09-18,566.8900146484375,571.8400268554688,563.9500122070312,564.510009765625,555.2049560546875,5198300,0.01714740584212926,3666,1392,0.07475813544415133,0.10476190476190483,1,
2024-09-19,574.219970703125,576.0999755859375,571.3200073242188,574.1900024414062,564.7252807617188,3623500,-0.002089714745020732,3707,1223,0.011183851609383622,-0.12140804597701149,0,
2024-09-20,572.780029296875,574.2100219726562,570.1099853515625,572.989990234375,563.545166015625,8763600,0.0027749004562269697,3488,1266,-0.05907742109522529,0.03515944399018811,1,
2024-09-23,574.3099975585938,575.280029296875,573.0700073242188,574.5800170898438,565.1089477539062,31440700,0.0029064414237567338,3709,1157,0.06336009174311918,-0.08609794628751977,1,
2024-09-24,575.4500122070312,576.3499755859375,572.6099853515625,576.25,566.7514038085938,7326000,-0.002360630456332946,3639,1276,-0.018873011593421363,0.10285220397579953,0,
2024-09-25,573.8800048828125,574.6500244140625,571.6900024414062,572.6599731445312,565.4135131835938,31448300,0.004278403905120243,3499,1155,-0.03847210772190157,-0.09482758620689657,1,
2024-09-26,577.1900024414062,577.469970703125,572.6300048828125,575.1099853515625,567.8325805664062,8915300,-0.0018084846467983917,3655,1263,0.044584166904829914,0.09350649350649354,0,
2024-09-27,576.1500244140625,576.9199829101562,573.1500244140625,574.0700073242188,566.8056640625,7128700,0.004790479644526613,3795,1079,0.03830369357045149,-0.14568487727632617,1,
2024-09-30,573.1900024414062,577.1900024414062,570.8800048828125,576.8200073242188,569.5209350585938,6090000,-0.009448366423817522,3603,1126,-0.05059288537549411,0.043558850787766445,0,
2024-10-01,576.1400146484375,576.2100219726562,568.760009765625,571.3699951171875,564.139892578125,5475700,0.00040247247932145847,3983,1303,0.10546766583402722,0.15719360568383656,1,
2024-10-02,570.4500122070312,572.6199951171875,567.969970703125,571.5999755859375,564.366943359375,4400400,-0.0019067573898610135,3456,1260,-0.13231232739141352,-0.03300076745970837,0,
2024-10-03,570.1300048828125,572.52001953125,568.22998046875,570.510009765625,563.2908325195312,2553800,0.009079465859468172,3237,1331,-0.06336805555555558,0.05634920634920637,1,
2024-10-04,575.1300048828125,576.1199951171875,570.9199829101562,575.6900024414062,568.4052124023438,2433500,-0.008962979897132461,3101,1143,-0.04201421068890954,-0.14124718256949664,0,
2024-10-07,574.030029296875,574.5800170898438,569.3300170898438,570.530029296875,563.3106079101562,2664300,0.009482212102979615,3139,1266,0.012254111576910587,0.1076115485564304,1,
2024-10-08,573.1099853515625,576.5,572.260009765625,575.9400024414062,568.6520385742188,2307800,0.006788922585502899,3386,1178,0.07868748008920035,-0.06951026856240128,1,
2024-10-09,575.9400024414062,580.469970703125,575.3300170898438,579.8499755859375,572.5125732421875,2048800,-0.0017591598164869993,3239,1172,-0.04341405788541053,-0.005093378607809895,0,
2024-10-10,578.530029296875,580.3300170898438,577.27001953125,578.8300170898438,571.5054321289062,2197600,0.006081350599586033,3315,1125,0.023464032108675426,-0.04010238907849828,1,
2024-10-11,578.8200073242188,583.0900268554688,578.719970703125,582.3499755859375,574.98095703125,2591700,0.00824256662712175,3095,948,-0.06636500754147812,-0.15733333333333333,1,
2024-10-14,584.030029296875,588.0499877929688,583.6799926757812,587.1500244140625,579.7202758789062,1679300,-0.007936714326188365,3718,1198,0.20129240710823915,0.26371308016877637,0,
2024-10-15,587.4600219726562,587.6699829101562,581.4099731445312,582.489990234375,575.1192016601562,3872000,0.00444636509096652,3704,1218,-0.0037654653039268515,0.016694490818029983,1,
2024-10-16,582.5900268554688,585.6400146484375,581.77001953125,585.0800170898438,577.6763916015625,1842500,0.0002904491978044099,3437,1304,-0.07208423326133906,0.07060755336617408,1,
2024-10-17,588.7899780273438,588.9299926757812,584.97998046875,585.25,577.8441772460938,2731000,0.0037763275847990663,4014,1276,0.16787896421297632,-0.021472392638036797,1,
2024-10-18,586.9000244140625,588.219970703125,585.4500122070312,587.4600219726562,580.0263061523438,4120400,-0.0014809824657106008,3609,1088,-0.10089686098654704,-0.14733542319749215,0,
2024-10-21,586.6699829101562,587.6799926757812,583.4400024414062,586.5900268554688,579.1672973632812,3512800,-0.0007842701666347374,3459,1159,-0.04156275976724855,0.0652573529411764,0,
2024-10-22,583.8599853515625,587.2899780273438,583.2899780273438,586.1300048828125,578.7130737304688,2640900,-0.009110664985522043,3455,1184,-0.00115640358485114,0.021570319240724833,0,
2024-10-23,584.030029296875,584.47998046875,577.22998046875,580.7899780273438,573.4406127929688,2911600,0.002135121243700633,3167,1162,-0.08335745296671493,-0.01858108108108103,1,
2024-10-24,582.8300170898438,582.8300170898438,579.4099731445312,582.030029296875,574.6649780273438,4080600,-0.00022325337952189273,3164,1015,-0.000947268708556992,-0.12650602409638556,0,
2024-10-25,584.3800048828125,587.2999877929688,580.9099731445312,581.9000244140625,574.5366821289062,3781700,0.003007263516618064,3192,1108,0.008849557522123908,0.09162561576354689,1,
2024-10-28,585.4099731445312,585.4400024414062,583.3599853515625,583.6500244140625,576.2644653320312,3635600,0.0015420191479822432,3613,1038,0.13189223057644117,-0.06317689530685922,1,
2024-10-29,582.6699829101562,585.7100219726562,581.27001953125,584.5499877929688,577.153076171875,3912700,-0.003216133203667093,3457,966,-0.043177414890672616,-0.06936416184971095,0,
2024-10-30,584.1099853515625,586.1400146484375,582.1599731445312,582.6699829101562,575.296875,3831000,-0.019616655123713245,3291,903,-0.048018513161700915,-0.06521739130434778,0,
2024-10-31,578.3400268554688,578.4199829101562,571.1799926757812,571.239990234375,564.011474609375,8318700,0.004341415926215619,3034,853,-0.07809176542084473,-0.0553709856035437,1,
2024-11-01,574.030029296875,578.3099975585938,573.3900146484375,573.719970703125,566.4600830078125,3188800,-0.0020044431121956086,3070,874,0.011865524060646004,0.024618991793669442,0,
2024-11-04,573.9400024414062,575.260009765625,570.6400146484375,572.5700073242188,565.3246459960938,3496000,0.012086010365267574,3241,1232,0.05570032573289896,0.40961098398169327,1,
2024-11-05,573.5700073242188,579.530029296875,573.3599853515625,579.489990234375,572.1571655273438,2988700,0.02483213808760465,3295,1391,0.016661524220919377,0.12905844155844148,1,
2024-11-06,592.0800170898438,594.7999877929688,588.2999877929688,593.8800048828125,586.3650512695312,5260500,0.007796186220367263,5034,1784,0.5277693474962064,0.2825305535585909,1,
2024-11-07,596.010009765625,599.5399780273438,595.9199829101562,598.510009765625,590.9364624023438,3892800,0.004377548504668871,4977,1589,-0.011323003575685386,-0.10930493273542596,1,
2024-11-08,599.1199951171875,602.5599975585938,599.1199951171875,601.1300048828125,593.5233154296875,5485700,0.0007650947329191915,4406,1639,-0.11472774763914007,0.03146633102580232,1,
2024-11-11,602.7999877929688,603.0900268554688,599.9500122070312,601.5900268554688,593.9774169921875,3995600,-0.003058450268739632,4433,1429,0.006128007262823365,-0.1281269066503966,0,
2024-11-12,601.6199951171875,602.219970703125,597.3499755859375,599.75,592.1607666015625,6449700,0.0007502606173885873,4785,1588,0.07940446650124078,0.11126662001399579,1,
2024-11-13,600.2899780273438,602.1599731445312,597.9299926757812,600.2000122070312,592.6050415039062,3592600,-0.006614420220900863,4236,1425,-0.1147335423197492,-0.10264483627204035,0,
2024-11-14,600.260009765625,600.75,595.6300048828125,596.22998046875,588.685302734375,2687700,-0.012696604050587812,3814,1389,-0.09962228517469307,-0.025263157894736876,0,
2024-11-15,592.6199951171875,593.0599975585938,586.75,588.6599731445312,581.2109985351562,5426600,0.004162115632548868,3946,1102,0.03460933403251176,-0.20662347012239024,1,
2024-11-18,589.0900268554688,592.3800048828125,588.2100219726562,591.1099853515625,583.6300659179688,5775700,0.0034849738998210533,4007,1344,0.01545869234668018,0.219600725952813,1,
2024-11-19,587.6300048828125,593.9600219726562,586.989990234375,593.1699829101562,585.6640014648438,3747700,0.00045510826459715936,4073,1380,0.016471175442974717,0.02678571428571419,1,
2024-11-20,593.22998046875,593.6699829101562,587.5,593.4400024414062,585.9305419921875,4696900,0.0051226649983135975,4613,1255,0.13258040756199363,-0.0905797101449275,1,
2024-11-21,596.3599853515625,598.02001953125,590.3200073242188,596.47998046875,588.9320678710938,4175400,0.003302911381136253,4406,1360,-0.0448731844786473,0.08366533864541825,1,
2024-11-22,596.6400146484375,599.0800170898438,596.1500244140625,598.4500122070312,590.8772583007812,3302700,0.002957462880902151,4153,1236,-0.05742169768497507,-0.0911764705882353,1,
2024-11-25,602.469970703125,603.77001953125,598.1500244140625,600.219970703125,592.624755859375,4637900,0.005897896136221936,4384,1285,0.05562244160847585,0.039644012944983764,1,
2024-11-26,601.75,604.280029296875,601.030029296875,603.760009765625,596.1199951171875,4413200,-0.00321312032665666,4319,1357,-0.014826642335766471,0.056031128404669284,0,
2024-11-27,603.469970703125,603.7899780273438,600.260009765625,601.8200073242188,594.20458984375,4669400,0.0054001623756811945,3956,1267,-0.08404723315582308,-0.06632277081798088,1,
2024-11-29,602.6300048828125,606.3200073242188,602.3800048828125,605.0700073242188,597.4133911132812,3132700,0.002710455974706205,3436,1494,-0.13144590495449948,0.17916337805840565,1,
2024-12-02,605.969970703125,607.2999877929688,605.47998046875,606.7100219726562,599.0326538085938,6048800,0.00041214315356863374,5301,1655,0.5427823050058207,0.10776439089692103,1,
2024-12-03,606.4099731445312,607.219970703125,605.3800048828125,606.9600219726562,599.279541015625,4839900,0.006161878948884425,4749,2280,-0.10413129598189019,0.37764350453172213,1,
2024-12-04,608.6799926757812,610.9199829101562,608.0,610.7000122070312,602.9722290039062,7524500,-0.001588505508145155,4743,2225,-0.0012634238787112562,-0.02412280701754388,0,
2024-12-05,610.6500244140625,611.5399780273438,609.4099731445312,609.72998046875,602.014404296875,3119000,0.0018041438837950174,4488,1648,-0.053763440860215006,-0.25932584269662917,1,
2024-12-06,610.469970703125,612.0900268554688,610.0499877929688,610.8300170898438,603.1005249023438,4985800,-0.005156965263021229,4100,1602,-0.08645276292335113,-0.027912621359223344,0,
2024-12-09,610.75,610.8499755859375,607.0900268554688,607.6799926757812,599.9903564453125,2973800,-0.0028961647129338575,4156,1827,0.013658536585365866,0.1404494382022472,0,
2024-12-10,608.3900146484375,608.719970703125,605.1599731445312,605.9199829101562,598.252685546875,4489100,0.007707279867354533,3794,1875,-0.08710298363811353,0.026272577996715896,1,
2024-12-11,608.7999877929688,611.47998046875,608.510009765625,610.5900268554688,602.8635864257812,4892100,-0.005306400513418796,4471,1854,0.1784396415392726,-0.011199999999999988,0,
2024-12-12,609.6300048828125,610.1699829101562,607.3499755859375,607.3499755859375,599.66455078125,5830800,-0.00018117225369329581,4519,1748,0.010735853276671925,-0.057173678532901784,0,
2024-12-13,609.4400024414062,610.1500244140625,605.8300170898438,607.239990234375,599.555908203125,9728800,0.004265241892497773,4000,1544,-0.11484841779154675,-0.1167048054919908,1,
2024-12-16,609.010009765625,610.8400268554688,608.2999877929688,609.8300170898438,602.1131591796875,23494300,-0.004354070371054397,5121,1443,0.2802500000000001,-0.06541450777202074,0,
2024-12-17,605.0700073242188,606.0499877929688,603.760009765625,605.0499877929688,599.4915161132812,20235900,-0.029402562739072602,4665,1499,-0.08904510837727009,0.038808038808038736,0,
2024-12-18,604.8599853515625,607.3099975585938,586.6900024414062,587.260009765625,581.8649291992188,33342500,-0.0007321723122432067,4649,1575,-0.003429796355841397,0.05070046697798536,0,
2024-12-19,592.260009765625,593.7999877929688,586.72998046875,586.8300170898438,581.4389038085938,19020700,0.011076499310592514,4593,1667,-0.012045601204560108,0.05841269841269847,1,
2024-12-20,584.530029296875,598.5700073242188,583.6699829101562,593.3300170898438,587.8792114257812,16782900,0.007264052987739689,4153,1466,-0.09579795340735897,-0.12057588482303538,1,
2024-12-23,593.6799926757812,598.1400146484375,590.47998046875,597.6400146484375,592.1495971679688,16542300,0.011244226445479732,3608,1515,-0.13123043582952088,0.033424283765347784,1,
2024-12-24,598.8900146484375,604.3599853515625,598.3099975585938,604.3599853515625,598.807861328125,2365700,-0.00047987599058518793,3401,1418,-0.05737250554323725,-0.06402640264026405,0,
2024-12-26,602.3300170898438,605.3400268554688,601.0,604.0700073242188,598.5205078125,10375300,-0.010826460102629332,3564,1409,0.04792708027050874,-0.006346967559943573,0,
2024-12-27,600.3699951171875,600.5700073242188,593.6099853515625,597.530029296875,592.0406494140625,7034200,-0.010961862450636572,3977,1306,0.11588103254769933,-0.0731014904187367,0,
2024-12-30,590.780029296875,594.5700073242188,587.239990234375,590.97998046875,585.55078125,3730600,-0.003891943682830634,3965,1209,-0.003017349761126442,-0.07427258805513015,0,
